,Date_InitialTag,Transect,TransectNum,OldTagNum,NewTagNum,Species,Meter,Meters_90,Direction,Size_Class,MaxDiameter,Height,Date_DocumentedDisease,Date_DocumentedMortality,Notes_062019,062019_Condition,062019_Percentage,Notes_052022,052022_Condition,052022_Percentage,Notes_122022,122022_Condition,122022_Percentage,Notes_092023,092023_Condition,092023_Percentage,Notes_112023,112023_Condition,112023_Percentage,Notes_122023,122023_Condition,122023_Percentage,Notes_012024,012024_Condition,012024_Percentage,Notes_022024,022024_Condition,022024_Percentage,Notes_042024,042024_Condition,042024_Percentage,062024_Condition,062024_Percentage,Notes_062024,082024_Condition,082024_Percentage,Notes_082024,122024_Condition,122024_Percentage,Notes_122024,062025_Condition,062025_Percentage,Notes_062025,immune_y/n,checked_colonies
1,6/21/19,CBC30N,1,349,1,SSID,1.5,0.5,right,5,45,24,5/21/22,Diseased,,Healthy,NA,NA,Diseased,NA,,Diseased,,,Diseased,,Not Visited ,Not_Visited,,Not Visited ,Not_Visited,,not enough to sample,Diseased,,Not visited,Not_Visited,,,Diseased,,Not_Visited,,,Not_Visited,,,Not_visited,,Diseased,Diseased,,,n,x
2,6/21/19,CBC30N,1,334,2,PAST,1.4,0.1,left,4,33,8,Healthy,Healthy,5% old mort,Healthy,NA,fish predation,Healthy,NA,,Healthy,,snail predation ,"CLP,CLB","10%,90%",,CLB,100%,15% mort,CLB,100%,"40% mort, dark spots","CLP,CLB","10%,95%",90% mort from bleaching ,Healthy,,,Not_Visited,,Healthy,,95% mort,Healthy,,sample lower colony (original colony); inc old mort; too small for immune ,,,,Healthy,,,y,x
3,6/21/19,CBC30N,1,346,3,SSID,6.3,0.8,right,5,53,30,5/21/22,Diseased,,Healthy,NA,NA,Diseased,NA,,Healthy,,"80^Pale, 80% discoloration",Diseased,,"95% Pale, 5% Bleached (bleach spot has always been there)",CLP,100%,after review - changed to healthy;80% CLP,Healthy,,,Healthy,,,Diseased,,,Diseased,,Diseased,,"DC, sloughy, weird ssid disease",Diseased,,some discoloration ,DC,10%,30% mortality,Diseased,,,y,x
4,10/15/19,CBC30N,1,407,4,PSTR,6.5,0.5,right,3,44,39,5/21/22,12/2/22,,Healthy,NA,60% mort ,Diseased,NA,,Dead,,,Not_Visited,,NA,Not_Visited,,NA,Not_Visited,,,Not_Visited,,,Not_Visited,,,Not_Visited,,Not_Visited,,,Not_Visited,,,Dead,,Dead,Dead,,,n,x
5,6/24/19,CBC30N,1,394,5,SSID,4.3,1.2,left,5,65,27,5/21/22,Diseased,,Healthy,NA,NA,Diseased,NA,,Diseased,,,Diseased,,Not Visited ,Not_Visited,,Not Visited ,Not_Visited,,no sample,Diseased,,Not visited,Not_Visited,,,Diseased,,Not_Visited,,,Not_Visited,,,DC,10%,80% mortality,Diseased,,,n,x
6,10/15/19,CBC30N,1,413,6,PSTR,8.3,1.75,left,NA,35,38,12/2/22,9/25/23,mucus_sample_taken_adjacent_to_punch,Healthy,NA,NA,Healthy,NA,40% mort,Diseased,,,Dead,,,Not_Visited,,,Not_Visited,,,Dead,,,Not_Visited,,,Not_Visited,,Not_Visited,,,Not_Visited,,,Dead,,,Dead,,,n,x
7,6/24/19,CBC30N,1,383,7,MCAV,6,1.7,right,3,32,20,Healthy,12/1/24,10% old mort,Healthy,NA,20% old mort ,Healthy,NA,,Healthy,,50% old mort,CLP,95%,,Not_Visited,,,Not_Visited,,90% old mort,Healthy,,,Not_Visited,,,Healthy,,Not_Visited,,,Not_Visited,,,Dead,,Dead,Dead,,,n,x
8,6/24/19,CBC30N,1,390,8,MCAV,11.2,0.8,right,3,35,30,5/21/22,9/25/23,mucus_sheaths,Healthy,NA,70% mort,Diseased,NA,90% mort,Diseased,,visited,Dead,,NA,Not_Visited,,NA,Not_Visited,,,Not_Visited,,,Not_Visited,,visited,Dead,,Not_Visited,,,Not_Visited,,,Not_visited,,,Dead,,,n,x
9,6/21/19,CBC30N,1,357,9,SSID,10.2,0.5,right,5,38,18,5/21/22,Diseased,,Healthy,NA,NA,Diseased,NA,,Diseased,,,Diseased,,Not Visited ,Not_Visited,,Not Visited ,Not_Visited,,wrong coral photographed,Diseased,,Not visited,Not_Visited,,,Diseased,,Not_Visited,,,Not_Visited,,,Healthy,,95% mortality,Diseased,,,n,help (01 same coral?)
10,6/24/19,CBC30N,1,385,10,SSID,6,2.8,right,4,62,35,12/2/22,9/25/23,,Healthy,NA,NA,Diseased,NA,,Diseased,,Dead,Dead,,NA,Not_Visited,,NA,Not_Visited,,,Not_Visited,,Not visited,Not_Visited,,,Not_Visited,,Not_Visited,,,Not_Visited,,,Not_visited,,,Dead,,,n,x
11,6/24/19,CBC30N,1,391,11,SSID,13,0.8,left,3,39,31,5/21/22,Diseased,,Healthy,NA,NA,Diseased,NA,,Diseased,,,Diseased,,Not Visited ,Not_Visited,,Not Visited ,Not_Visited,,,Diseased,,Not visited,Not_Visited,,,Diseased,,Not_Visited,,,Not_Visited,,,Healthy,,95% mortality,Diseased,,,n,x
12,10/15/19,CBC30N,1,418,12,PSTR,14.7,1,left,NA,43,33,Healthy,Healthy,mucus_sample_taken_adjacent_to_punch,Healthy,NA,NA,Healthy,NA,,Healthy,,,Healthy,,,CLP,100%,,Healthy,,,Healthy,,,Healthy,,,Healthy,,Healthy,,,Healthy,,,Healthy,,5% mortality,Healthy,,,y,x
13,6/24/19,CBC30N,1,395,13,PAST,15.8,1.4,right,4,45,18,Healthy,12/16/23,,Healthy,NA,fish predation,Healthy,NA,fish predation,Healthy,,,Healthy,,,CLP,100%,no picture,Dead,,no picture,Dead,,,Dead,,,Dead,,Dead,,pic of live coral is the wrong colony (it is still dead),Dead,,,Dead,,5% mortality,Dead,,,y,x
14,6/24/19,CBC30N,1,381,14,MCAV,17.2,0.05,left,3,25,24,5/21/22,12/2/22,,Healthy,NA,15% mort,Diseased,NA,,Dead,,,Not_Visited,,NA,Not_Visited,,NA,Not_Visited,,,Not_Visited,,,Not_Visited,,,Not_Visited,,Not_Visited,,,Not_Visited,,,Not_visited,,,Dead,,,n,x
15,6/26/19,CBC30N,1,359,15,MCAV,16.7,1.5,left,5,33,24,5/21/22,12/2/22,,Healthy,NA,90% mort,Diseased,NA,,Dead,,,Not_Visited,,NA,Not_Visited,,NA,Not_Visited,,,Not_Visited,,,Not_Visited,,,Not_Visited,,Not_Visited,,,Not_Visited,,,Not_visited,,,Dead,,,n,x
16,6/24/19,CBC30N,1,384,16,SSID,30,5,right,5,115,55,5/21/22,Diseased,,Healthy,NA,NA,Diseased,NA,,Diseased,,,Diseased,,Not Visited ,Not_Visited,,Not Visited ,Not_Visited,,,Diseased,,Not visited,Not_Visited,,,Diseased,,Not_Visited,,,Not_Visited,,,DC,50%,50% mortality,Diseased,,,n,x
17,6/24/19,CBC30N,1,388,17,SSID,26,1.1,right,4,57,22,5/21/22,Diseased,,Healthy,NA,NA,Diseased,NA,,Diseased,,,"Diseased, CLB","NA,50%",Not Visited ,Not_Visited,,Not Visited ,Not_Visited,,,Diseased,,Not visited,Not_Visited,,,"Diseased, CLP","NA, 60%",Not_Visited,,,Not_Visited,,,"DC,TL","50%,10%",20% mortality,Diseased,,,n,help (042024)
19,6/21/19,CBC30N,1,303,19,PAST,11.6,0.5,left,4,26,6,5/21/22,4/1/24,,Healthy,NA,30% mort,Diseased,NA,wrong colony sampled??,Healthy,,no sample - wrong colony sampled ,CLB,100%,,Not_Visited,,,Not_Visited,,"95% TL, 5% CLB, wrong colony sampled (unclear from pic which one, but both healthy options are wrong)",CLB,100%,,Not_Visited,,no sample -  wrong colony sampled. (likely the same one from 092023),Dead,,Not_Visited,,,Not_Visited,,,Dead,,,Dead,,,n,help - is 1220222 wrong coral?
20,6/24/19,CBC30N,1,386,20,PAST,12.7,2.9,right,3,48,5,12/2/22,4/26/24,,Healthy,NA,,Healthy,NA,"60% mort, damselfish predation ",Diseased,,,Healthy,,,Not_Visited,,,Not_Visited,,80% mort,CLP,100%,,Not_Visited,,"99% mortality, very small amount left (not sampled)",Healthy,,Not_Visited,,,Not_Visited,,,Dead,,Dead,Dead,,we might need to check this one again ,n,x
21,6/24/19,CBC30N,1,397,21,PAST,4,4,right,3,25,4,Healthy,8/1/24,fish predation ,Healthy,NA,50% old mort,Healthy,NA,,Healthy,,paling on perimeter ,CLP,10%,,CLP,100%,"90% mort, some dark spoltches ","CLB,CLP","10%,90%",,CLP,100%,"95% mortality, too small for immune sample",Healthy,,,Healthy,,Healthy,,"basically Dead, few polyps left; not enough to sample ",Dead,,,Not_visited,,,Dead,,,y,x
22,5/21/22,CBC30N,1,22,22,OANN,5,5,right,NA,38,20,12/2/22,Diseased,,NA,NA,fish predation,Healthy,NA,5% mortality ,Diseased,,30% mortality ,Diseased,,,Not_Visited,,,Not_Visited,,50% mortality ,Diseased,,,Not_Visited,,50% mortality ,CLP,95%,Not_Visited,,,Not_Visited,,,Healthy,,,CLP,60%,,n,x
23,5/21/22,CBC30N,1,23,23,OANN,2.5,0.7,right,NA,40,42,Healthy,Healthy,,NA,NA,"10% old mort, fish predation ",DC,40%,,Healthy,,20% mortality ,CLB,,,Not_Visited,,,Not_Visited,,,Healthy,,,Not_Visited,,"TL, doesn't look like active disease ",CLP,10%,Not_Visited,,,Not_Visited,,,CLB,20%,,Healthy,,,n,x
18,6/24/19,CBC30N,1,380,24,MCAV,9.9,3,left,4,19,30,Healthy,Healthy,,Healthy,NA,NA,Healthy,NA,,Healthy,,,CLP,10%,,CLP,100%,Healthy ,Healthy,,no picture,Healthy,,,Healthy,,,Healthy,,Healthy,,,Healthy,,pale spot from sponge competition (not on part sampled),Healthy,,95% mortality,Healthy,,,y,x
24,5/25/22,CBC30N,1,25,25,OANN,13.9,0.5,right,NA,30,20,Healthy,Healthy,,NA,NA,fish predation,Healthy,NA,,Healthy,,snail predation ,CLP,20%,,CLB,10%,,CLP,5%,,Healthy,,Some small lesions likely from snail predation- found 4 snails; sampled as healthy,Healthy,,,Healthy,predation,Healthy,,some predation,CLP,5%,5% CLP,Healthy,,"TL 5% were snails, 20% mortality",CLB,10%,,y,x
25,5/25/22,CBC30N,1,27,27,DLAB,14.5,4,left,NA,35,27,12/2/22,Diseased,,NA,NA,20% old mort,Healthy,NA,5% recent mort,Diseased,,,Healthy,,,Not_Visited,,,Not_Visited,,,Healthy,,,Not_Visited,,,Healthy,,Not_Visited,,,Not_Visited,,,Healthy,,5% mortality,Healthy,,,n,x
26,5/25/22,CBC30N,1,35,35,DLAB,14.5,0.8,left,NA,30,17,Healthy,Healthy,,NA,NA, 5% old mort,Healthy,NA,greying at perimeter,DC,2%,very minor snail predation,CLP,90%,,Not_Visited,,,Not_Visited,,palness intensified ,"CLP,DC","85%,20%",,Not_Visited,,,Healthy,,Not_Visited,,,Not_Visited,,,CLP,90%,15% mortality,Healthy,,,n,x
28,6/21/19,CBC30N,1,329,329,MCAV,4.9,1.2,right,4,29,19,Unknown,5/21/22,10% old mort,Healthy,NA,NA,Dead,NA,,Not_Visited,,,Not_Visited,,NA,Not_Visited,,NA,Not_Visited,,,Not_Visited,,,Not_Visited,,,Not_Visited,,Not_Visited,,,Not_Visited,,,Not_visited,,,,,,n,x
30,6/21/19,CBC30N,1,333,333,MCAV,13.6,0.9,left,3,20,19,Unknown,5/21/22,,Healthy,NA,NA,Dead,NA,,Not_Visited,,,Not_Visited,,NA,Not_Visited,,NA,Not_Visited,,,Not_Visited,,,Not_Visited,,,Not_Visited,,Not_Visited,,,Not_Visited,,,Not_visited,,,,,,n,x
31,6/21/19,CBC30N,1,335,335,MMEA,16.8,1.3,left,3,14,6,Unknown,5/21/22,,Healthy,NA,NA,Dead,NA,,Not_Visited,,,Not_Visited,,NA,Not_Visited,,NA,Not_Visited,,,Not_Visited,,,Not_Visited,,,Not_Visited,,Not_Visited,,,Not_Visited,,,Not_visited,,,,,,n,x
29,6/21/19,CBC30N,1,342,342,MCAV,9,0.7,left,3,28,25,Unknown,5/21/22,20% old mort,Healthy,NA,NA,Dead,NA,,Not_Visited,,,Not_Visited,,NA,Not_Visited,,NA,Not_Visited,,,Not_Visited,,,Not_Visited,,,Not_Visited,,Not_Visited,,,Not_Visited,,,Not_visited,,,,,,n,x
27,6/21/19,CBC30N,1,355,355,MCAV,3.6,0.5,left,4,35,12,Unknown,5/21/22,,Healthy,NA,NA,Dead,NA,,Not_Visited,,,Not_Visited,,NA,Not_Visited,,NA,Not_Visited,,,Not_Visited,,,Not_Visited,,,Not_Visited,,Not_Visited,,,Not_Visited,,,Not_visited,,,,,,n,x
32,6/24/19,CBC30N,1,382,382,MMEA,30,6.8,right,2,19,18,Unknown,5/21/22,,Healthy,NA,NA,Dead,NA,,Not_Visited,,,Not_Visited,,NA,Not_Visited,,NA,Not_Visited,,,Not_Visited,,,Not_Visited,,,Not_Visited,,Not_Visited,,,Not_Visited,,,Not_visited,,,,,,n,x
34,10/15/19,CBC30N,1,404,404,PSTR,10.1,4.5,left,NA,35,33,Unknown,5/21/22,mucus_sample_taken_adjacent_to_punch,Healthy,NA,NA,Dead,NA,,Not_Visited,,,Not_Visited,,NA,Not_Visited,,NA,Not_Visited,,,Not_Visited,,,Not_Visited,,,Not_Visited,,Not_Visited,,,Not_Visited,,,Not_visited,,,,,,n,x
33,10/15/19,CBC30N,1,417,417,PSTR,6.3,3.25,right,NA,28,24,Unknown,5/21/22,mucus_sample_taken_adjacent_to_punch,Healthy,NA,NA,Dead,NA,,Dead,,,Dead,,,Dead,,,Dead,,,Dead,,,Dead,,,Dead,,Dead,,,Not_Visited,,,Not_visited,,,,,,n,x
36,10/15/19,CBC30N,1,419,419,PSTR,22.7,4.5,right,NA,56,44,Unknown,5/21/22,"mucus_sample_taken_adjacent_to_punch, snail predation",Healthy,NA,NA,Dead,NA,,Not_Visited,,,Not_Visited,,NA,Not_Visited,,NA,Not_Visited,,,Not_Visited,,,Not_Visited,,,Not_Visited,,Not_Visited,,,Not_Visited,,,Not_visited,,,,,,n,x
35,10/15/19,CBC30N,1,422,422,PSTR,20.8,4,left,NA,48,30,Unknown,5/21/22,"mucus_sample_taken_adjacent_to_punch, snail predation",Healthy,NA,NA,Dead,NA,,Not_Visited,,,Not_Visited,,NA,Not_Visited,,NA,Not_Visited,,,Not_Visited,,,Not_Visited,,,Not_Visited,,Not_Visited,,,Not_Visited,,,Not_visited,,,,,,n,x
37,12/5/22,SR30N,2,NA,28,PSTR,15.6,1.2,right,NA,37,25,12/4/22,9/26/23,,NA,NA,,NA,NA,45% mortality,Diseased,,Dead,Dead,,NA,Not_Visited,,NA,Not_Visited,,,Not_Visited,,Not visited,Not_Visited,,,Not_Visited,,Not_Visited,,,Not_Visited,,,Not_visited,,,,,,n,x
38,12/5/22,SR30N,2,NA,29,OFAV,16,1.1,right,NA,40,40,Healthy,Healthy,,NA,NA,,NA,,no photos,Healthy,,,"CLP,CLB","10%,50%",Not Visited ,Not_Visited,,Not Visited ,Not_Visited,,,Healthy,,Not visited,Not_Visited,,,Healthy,,Not_Visited,,,Not_Visited,,,Healthy,,5% mortality,Healthy,,,n,x
39,12/5/22,SR30N,2,NA,30,OANN,21.6,4.2,left,NA,65,50,12/4/22,Diseased,,NA,NA,,NA,NA,20% mort,Diseased,,,"CLP,CLB","10%,80%",Not Visited ,Not_Visited,,Not Visited ,Not_Visited,,no sample,CLP,75%,Not visited,Not_Visited,,,CLP,30%,Not_Visited,,,Not_Visited,,,Healthy,,70% mortality,Healthy,,,n,x
40,12/5/22,SR30N,2,NA,31,DLAB,23,2.7,left,NA,39,18,Healthy,Healthy,,NA,NA,,NA,NA,,Healthy,,,Healthy,,Not Visited ,Not_Visited,,Not Visited ,Not_Visited,,,Healthy,,Not visited,Not_Visited,,,Healthy,,Not_Visited,,,Not_Visited,,,Healthy,,5% mortality,Healthy,,,n,x
41,12/5/22,SR30N,2,NA,32,PSTR,5,5,right,NA,20,18,Healthy,Healthy,,NA,NA,,NA,NA,,Healthy,,100%Pale ,CLP,100%,Not Visited ,Not_Visited,,Not Visited ,Not_Visited,,,Not_Visited,,Not visited,Not_Visited,,,Healthy,,Not_Visited,,,Not_Visited,,,Healthy,,5% mortality,Healthy,,,n,x
79,6/25/19,SR30N,2,47,47,PAST,19.6,0.1,left,4,NA,NA,Healthy,Healthy,"orange_tag, no photos",Healthy,NA,no photos - not found,Not_Visited,NA,no photos,Not_Visited,,,Not_Visited,,Not Visited ,Not_Visited,,Not Visited ,Not_Visited,,,Not_Visited,,Not visited,Not_Visited,,,Not_Visited,,Not_Visited,,,Not_Visited,,,Not_visited,,,Healthy,,,n,help (is this supposed to be pstr 47? Or is this one of the mystery corals? Or did it die?)
42,6/25/19,SR30N,2,91,51,SSID,11,4.8,left,4,37,25,5/22/22,12/1/22,orange_tag,Healthy,NA,TL/DC_very_little_tissue;_no_pic_of_coral_but_tagged_with_yellow_numberless_tag,Diseased,NA,,Dead,,"all ""51"" samples from here forward are actually newly tagged 99",Not_Visited,,,Not_Visited,,,Not_Visited,,,Not_Visited,,,Not_Visited,,,Not_Visited,,Healthy,,"95% mort, veryy few isolates left; not enough to sample",Not_Visited,,,Not_visited,,,,,,n,"help (no old photos, what to call 062024 condition)"
43,6/25/19,SR30N,2,36,52,SSID,28.4,3.9,left,5,45,25,5/22/22,Diseased,"orange_tag,_tag_cut_off",Healthy,NA,"25% mort, TL/DC",Diseased,NA,30% mort,Diseased,,,Diseased,,Not Visited ,Not_Visited,,Not Visited ,Not_Visited,,,Diseased,,Not visited,Not_Visited,,,Diseased,,Not_Visited,,,Not_Visited,,,"CLB,DC","60%, 10%","TL, 95% mortality",Diseased,,not enough tissue for diseased_tissue sample,n,x
44,6/22/19,SR30N,2,337,53,MCAV,10.5,3,left,4,27,31,Healthy,Healthy,"processing_delayed_because_of_power_steering_failure,_tow_time",Healthy,NA,NA,Healthy,NA,,Healthy,,Healthy,Healthy,,Not Visited ,Not_Visited,,Not Visited ,Not_Visited,,,Not_Visited,,Not visited,Not_Visited,,,Healthy,,Not_Visited,,,Not_Visited,,,Healthy,,,Healthy,,,n,x
45,10/13/19,SR30N,2,414,54,PSTR,18.5,6.5,left,4,35,17,Healthy,Healthy,took_syringe_samples_adjacent_to_punch,Healthy,NA,NA,Healthy,NA,,Healthy,,"CLP 10%, lesion - snail or sctld?","Diseased, CLP",",10%",Not Visited ,Not_Visited,,Not Visited ,Not_Visited,,no sample,CLP,50%,Not visited,Not_Visited,,"BBD, inc old mort ",Diseased_Other,,Not_Visited,,,Not_Visited,,,CLP,20%,30% mortality,Healthy,,,n,x
46,6/25/19,SR30N,2,34,55,MCAV,19.5,1.8,left,3,22,23,Healthy,Healthy,"orange_tag,_next_to_389",Healthy,NA,20% _mortality_occurred_where_ATEN_was_touching_MCAV_34_in_2019_pic,Healthy,NA,,Healthy,,,CLP,5%,100% Pale ,CLP,100%,"50% Bleached, 10% Pale ","CLP,CLB","10%,50%",Healthy,CLP,30%,,Healthy,,,Healthy,,Healthy,,,Healthy,,,CLP,5%,20% mortality,Healthy,,,y,x
47,6/25/19,SR30N,2,389,56,PAST,18.2,1.8,left,4,31,18,5/22/22,4/26/24,tag_cut_off,Healthy,NA,"10% mort, Increased_old_mortality,_sampled_as_diseased_but_uncertain",Diseased,NA,"50% mort, fish predation",Healthy,,,Healthy,,Not Visited ,Not_Visited,,Not Visited ,Not_Visited,,,Not_Visited,,Not visited,Not_Visited,,,Dead,,Not_Visited,,,Not_Visited,,,Not_visited,,Dead,,,,n,x
78,6/25/19,SR30N,2,56,56,MCAV,16.5,4,left,3,NA,NA,Unknown,5/22/22,"orange_tag,_mucus_sheaths",Healthy,NA,NA,Dead,NA,,Not_Visited,,,Not_Visited,,NA,Not_Visited,,NA,Not_Visited,,,Not_Visited,,,Not_Visited,,,Not_Visited,,Not_Visited,,,Not_Visited,,,Not_visited,,,,,,n,x
48,6/25/19,SR30N,2,392,57,PAST,17.3,1,right,3,24,15,Healthy,Healthy,,Healthy,NA,NA,Healthy,NA,,Healthy,,,Healthy,,70% Bleached 30% Pale ,"CLP,CLB","30%,70%",5% Bleach 5% Pale; no picture ,"CLP,CLB","5%,5%",Healthy,Healthy,,Healthy,Healthy,,,Healthy,,Healthy,,some predation,Healthy,,,Healthy,,5% mortality,Healthy,,,y,x
49,10/13/19,SR30N,2,421,58,PSTR,2,6,left,4,33,21,NA,12/2/22,took_syringe_samples_adjacent_to_punch,Healthy,NA,NA,Healthy,NA,,Dead,,,Not_Visited,,NA,Not_Visited,,NA,Not_Visited,,,Not_Visited,,Not visited,Not_Visited,,,Not_Visited,,Not_Visited,,,Not_Visited,,,Not_visited,,,,,,n,x
50,6/21/19,SR30N,2,339,59,MCAV,20.6,4.5,right,5,45,40,5/22/22,Diseased,"30%, mort, processing_delayed_because_of_power_steering_failure,_tow_time",Healthy,NA,"45%_mortality,_not_sure_if_SCTLD_(not_rapid?)_--_missed_sample",Diseased,NA,50% mort,Healthy,,,CLP,80%,Not Visited ,Not_Visited,,Not Visited ,Not_Visited,,,Healthy,,Not visited,Not_Visited,,,Healthy,,Not_Visited,,,Not_Visited,,,CLP,5%,30% mortality,Healthy,,,n,x
51,6/22/19,SR30N,2,305,60,MCAV,21.5,2.9,right,4,28,20,Healthy,Healthy,"processing_delayed_because_of_power_steering_failure,_tow_time",Healthy,NA,NA,Healthy,NA,,Healthy,,"clb 20%, clp 10%","CLP,CLB","10%,20%",100% Pale ,CLP,100%,30% Bleached ,CLB,30%,Healthy,Healthy,,,Healthy,,,Healthy,,Healthy,,,Healthy,,,Healthy,,5% mortality,Healthy,,,y,x
52,6/22/19,SR30N,2,356,61,MCAV,19.5,1.3,right,4,27,20,NA,12/4/22,"processing_delayed_because_of_power_steering_failure,_tow_time",Healthy,NA,"Moved_in_storm?_Found_upside_down_and_righted_colony,_few_polyps_left; in pic looks close to dead, but there is 1 sample taken",Healthy,NA,no photos,Dead,,,Not_Visited,,NA,Not_Visited,,NA,Not_Visited,,,Not_Visited,,,Not_Visited,,,Not_Visited,,Not_Visited,,,Not_Visited,,,Not_visited,,,,,,n,x
53,10/13/19,SR30N,2,406,62,PSTR,17.9,4.5,right,5,65,70,NA,12/4/22,took_syringe_samples_adjacent_to_punch,Healthy,NA,"60% mort, Lots_more_old_dead_than_2019,_one_spot_of_focal_CL",Healthy,NA,,Dead,,,Not_Visited,,NA,Not_Visited,,NA,Not_Visited,,,Not_Visited,,Not visited,Not_Visited,,,Not_Visited,,Not_Visited,,,Not_Visited,,,Not_visited,,,,,,n,x
54,6/25/19,SR30N,2,41,63,PAST,15,1.3,right,3,17,15,Healthy,Healthy,"orange_tag,_tag_cut_off",Healthy,NA,10% mort,Healthy,NA,,Healthy,,,Healthy,,95% Bleached 5% Pale ,"CLP,CLB","5%,95%","5% Bleach , 10% Pale; no picture ","CLP,CLB","10%,5%",Healthy; no picture ,Healthy,,Healthy,Healthy,,no picture,Healthy,,Healthy,,,Healthy,,,Healthy,,5% mortality,Healthy,,,y,x
55,6/21/19,SR30N,2,354,64,CNAT,15.2,0,center,6,105,40,Healthy,1/11/24,"processing_delayed_because_of_power_steering_failure,_tow_time",Healthy,NA,NA,Healthy,NA,,Healthy,,100% Pale,CLP,100%,Not Visited ,Not_Visited,,Not Visited ,Not_Visited,,Dead,Dead,,Not visited,Not_Visited,,,Not_Visited,,Not_Visited,,,Not_Visited,,,Not_visited,,Dead,,,,n,x
56,10/13/19,SR30N,2,400,65,PSTR,14.7,0.9,right,4,55,39,Healthy,9/26/23,"snail predation, took_syringe_samples_adjacent_to_punch",Healthy,NA,NA,Healthy,NA,,Healthy,,Dead,Dead,,NA,Not_Visited,,NA,Not_Visited,,,Not_Visited,,Not visited,Not_Visited,,,Not_Visited,,Not_Visited,,,Not_Visited,,,Not_visited,,,,,,n,x
57,6/25/19,SR30N,2,393,66,SSID,10.4,1.45,right,4,37,22,5/22/22,Diseased,tag_cut_off,Healthy,NA,"25% mort, TL/DC",Diseased,NA,no photos,Diseased,,"100% Bleached, Sampled as Diseased, very few isolates left  ",CLB,100%,Not Visited ,Not_Visited,,Not Visited ,Not_Visited,,few isolates left,CLB,50%,Not visited,Not_Visited,,,Not_Visited,,Diseased,,weird SSID disease; very few isolates left; not sampled,Not_Visited,,,CLP,100%,98% mortality,Diseased,,,n,help (012024 and 062024 conditions)
58,6/21/19,SR30N,2,336,67,SSID,10.4,0.4,right,4,40,23,5/22/22,6/21/24,"processing_delayed_because_of_power_steering_failure,_tow_time",Healthy,NA,"20% mort, TL/DC,_live_DSTO_adjacent",Diseased,10%,95% mort,Diseased,,"100% Bleached, Sampled as Diseased ",CLB,100%,Not Visited ,Not_Visited,,Not Visited ,Not_Visited,,no picture or sample,Not_Visited,,Not visited,Not_Visited,,,Not_Visited,,Dead,,Checked on,Not_Visited,,,Not_visited,,Dead,,,,n,x
59,6/21/19,SR30N,2,348,68,PAST,5.8,1,left,4,35,16,Healthy,Healthy,"processing_delayed_because_of_power_steering_failure,_tow_time",Healthy,NA,"Mucus_sheathing,_mild",Healthy,NA,,Healthy,,,Healthy,,80% Mucus Sheathing ,Healthy,,Healthy ,Healthy,,Healthy,Healthy,,Healthy,Healthy,,,Healthy,,Healthy,,damsel farming,Healthy,,some damselfish predation?,Healthy,,15% mortality,Healthy,,,y,x
60,6/25/19,SR30N,2,387,69,MCAV,5,5.5,right,3,27,30,Healthy,Healthy,30% mortality,Healthy,NA,"40% mort, Tissue_gone_since_tagged-old_mortality",Healthy,NA,,Healthy,,,Healthy,,100% Pale ,CLP,100%,"Healthy, some mortality ",Healthy,,Healthy,Healthy,,,Healthy,,,Healthy,,Healthy,,"some predation, old mort",Healthy,,old mortality,Healthy,,60% mortality,Healthy,,,y,x
61,10/13/19,SR30N,2,420,70,PSTR,3,5.5,right,3,32,25,5/22/22,12/4/22,took_syringe_samples_adjacent_to_punch,Healthy,NA,"60% mort, SCTLD",Diseased,NA,,Dead,,,Not_Visited,,Not Visited ,Not_Visited,,Not Visited ,Not_Visited,,,Not_Visited,,Not visited,Not_Visited,,,Not_Visited,,Not_Visited,,,Not_Visited,,,Not_visited,,,,,,n,x
62,6/22/19,SR30N,2,317,71,SSID,5.3,3.3,right,4,55,30,5/22/22,Diseased,"processing_delayed_because_of_power_steering_failure,_tow_time",Healthy,NA,"50% mort, Sheathing_TL/DC",Diseased,NA,95% mort,Diseased,,90%Pale,CLP,90%,Not Visited ,Not_Visited,,Not Visited ,Not_Visited,,,Not_Visited,,Not visited,Not_Visited,,,Diseased,,Not_Visited,,,Not_Visited,,,CLP,100%,98% mortality,Diseased,,,n,x
63,6/25/19,SR30N,2,62,72,SSID,4.3,0.2,right,4,32,20,2/22/24,Healthy,orange_tag,Healthy,NA,15% mort,"CLB,DC","30%,5%",20% mort,"CLB,DC","40%,10%",,CLB,100%,98% Bleach 2% Pale ,"CLP,CLB","2%,98%",85% Bleached ,CLB,85%,85% Bleached,CLB,85%,"Diseased, 30% bleached, 10% pale",Diseased,,,Diseased,,Diseased,,"DC, sloughy, weird ssid disease",CLP,80%,,"CLB,CLP","10%,20%",5% mortality,Healthy,,,y,x
64,6/25/19,SR30N,2,396,73,SSID,2.9,0.45,left,4,35,21,Healthy,Healthy,,Healthy,NA,NA,Healthy,NA,5% mort ,CLB,10%,,"CLP,CLB","50%,50%",60% Bleached ,CLB,60%,80% Bleached ,CLB,30%,20% Bleached,CLB,20%,5% bleached,CLB,5%,,Healthy,,DC,2%,no picture?,CLP,80%,80% CLP; blue,CLB,5%,2% mortality,Healthy,,,y,x
65,6/22/19,SR30N,2,343,74,SSID,3.5,2,right,5,54,23,Healthy,Healthy,"processing_delayed_because_of_power_steering_failure,_tow_time",Healthy,NA,,Healthy,NA,10% mort,Diseased,,,Diseased,,Not Visited ,Not_Visited,,Not Visited ,Not_Visited,,,Not_Visited,,Not visited,Not_Visited,,,Diseased,,Not_Visited,,,Not_Visited,,,"CLP, DC","20%, 10%",85% mortality,Diseased,,,n,x
66,6/21/19,SR30N,2,352,75,SSID,1.2,0.2,right,5,85,65,5/22/22,Diseased,15% mort,Healthy,NA,50% mort,Diseased,NA,95% mort,Diseased,,Almost Dead,Diseased,,Not Visited ,Not_Visited,,Not Visited ,Not_Visited,,,Not_Visited,,Not visited,Not_Visited,,,Diseased,,Not_Visited,,,Not_Visited,,,CLP,100%,99% mortality,Dead,,,n,x
67,5/24/22,SR30N,2,76,76,OFAV,1.5,2.5,left,NA,NA,NA,Healthy,Healthy,,NA,NA,no photos,Healthy,NA,,Healthy,,,Healthy,,Healthy ,Healthy,,Healthy ,Healthy,,Healthy,Healthy,,Healthy,Healthy,,,Healthy,,Healthy,,,Healthy,,,Healthy,,5% mortality,Healthy,,,y,x
68,5/24/22,SR30N,2,77,77,OANN,8,0.5,left,NA,NA,NA,Healthy,Healthy,,NA,NA,fish predation,Healthy,NA,fish predation,Healthy,,"70%Bleach, 20% Pale ","CLP,CLB","20%,70%",Not Visited ,Not_Visited,,Not Visited ,Not_Visited,,,Not_Visited,,Not visited,Not_Visited,,,CLP,50%,Not_Visited,,,Not_Visited,,,CLP,40%,20% mortality,CLP,20%,,n,x
69,5/24/22,SR30N,2,78,78,DLAB,18,1,right,NA,NA,NA,Healthy,Healthy,,NA,NA,NA,Healthy,NA,,Healthy,,Healthy,Healthy,,Not Visited ,Not_Visited,,Not Visited ,Not_Visited,,,Healthy,,Not visited,Not_Visited,,,Healthy,,Not_Visited,,,Not_Visited,,,CLP,10%,5% mortality,Healthy,,,n,x
70,5/24/22,SR30N,2,79,79,OFAV,30,3,left,NA,NA,NA,Healthy,Healthy,,NA,NA,no photos,Healthy,NA,,Healthy,,,CLB,20%,"2% Bleached, 60% Pale ","CLP,CLB","60%,2%",3% Paling ,CLP,3%,Healthy,Healthy,,Healthy,Healthy,,,Healthy,,Healthy,,,Healthy,,,Healthy,,5% mortality,Healthy,,,y,x
71,5/24/22,SR30N,2,80,80,OFAV,13.5,0,left,NA,NA,NA,12/4/22,Diseased,,NA,NA,no photo;15% mort,Healthy,NA,20% mort,Diseased,,"20% Bleach, 20% Pale, sampled as disease","CLP,CLB","20%,20%",Not Visited ,Not_Visited,,Not Visited ,Not_Visited,,no sample - snails or disease?,CLP,10%,Not visited,Not_Visited,,,Healthy,,Not_Visited,,,Not_Visited,,,Healthy,,70% mortality,Healthy,,,n,help (012024 - disease or snail?)
,6/21/24,SR30N,2,51/not 51,99,SSID,11,4.8,left,,,,Healthy,Healthy,,,,,,,,,,,CLP,95%,90% CLB; Coral next to 51; Sampled RNA/DNA at bleaching/healthy margin; immune was bleached tissue,CLB,90%,,CLP,80%,,CLB,60%,"25% pale, CTL",CLP,30%,"DC, CTL",DC,20%,Diseased,,weird SSID disease,CLP,40%,40% CLP; slightly blue,Healthy,,10% mortality,Healthy,,,y,help (042024 and 062024 - diseased or no?)
76,6/22/19,SR30N,2,311,311,MMEA,14.6,2.3,right,3,NA,NA,Unknown,5/20/22,"processing_delayed_because_of_power_steering_failure,_tow_time",Healthy,NA,no photo,Dead,NA,,Dead,,,Not_Visited,,,Not_Visited,,,Not_Visited,,,Not_Visited,,,Not_Visited,,,Not_Visited,,Not_Visited,,,Not_Visited,,,Not_Visited,,,,,,n,x
75,6/22/19,SR30N,2,320,320,MMEA,14.6,3.2,right,3,18,6,Unknown,5/22/22,"processing_delayed_because_of_power_steering_failure,_tow_time",Healthy,NA,no photo,Dead,NA,,Dead,,,Not_Visited,,,Not_Visited,,,Not_Visited,,,Not_Visited,,,Not_Visited,,,Not_Visited,,Not_Visited,,,Not_Visited,,,Not_Visited,,,,,,n,x
82,6/22/19,SR30N,2,325,325,MMEA,11,3.8,left,4,NA,NA,Unknown,5/20/22,"processing_delayed_because_of_power_steering_failure,_tow_time",Healthy,NA,Not_found,Dead,NA,,Dead,,,Not_Visited,,,Not_Visited,,,Not_Visited,,,Not_Visited,,,Not_Visited,,,Not_Visited,,Not_Visited,,,Not_Visited,,,Not_Visited,,,,,,n,x
74,6/22/19,SR30N,2,328,328,MMEA,10.2,4.5,right,3,18,16,Unknown,5/22/22,"processing_delayed_because_of_power_steering_failure,_tow_time",Healthy,NA,no photo,Dead,NA,,Dead,,,Not_Visited,,,Not_Visited,,,Not_Visited,,,Not_Visited,,,Not_Visited,,,Not_Visited,,Not_Visited,,,Not_Visited,,,Not_Visited,,,,,,n,x
72,6/21/19,SR30N,2,330,330,MMEA,24,4,left,4,28,21,Unknown,5/22/22,"processing_delayed_because_of_power_steering_failure,_tow_time",Healthy,NA,NA,Dead,NA,,Dead,,,Not_Visited,,,Not_Visited,,,Not_Visited,,,Not_Visited,,,Not_Visited,,,Not_Visited,,Not_Visited,,,Not_Visited,,,Not_Visited,,,,,,n,x
73,6/21/19,SR30N,2,344,344,MMEA,20.6,9,right,4,NA,NA,Unknown,5/22/22,"processing_delayed_because_of_power_steering_failure,_tow_time",Healthy,NA,no photo,Dead,NA,,Dead,,,Not_Visited,,,Not_Visited,,,Not_Visited,,,Not_Visited,,,Not_Visited,,,Not_Visited,,Not_Visited,,,Not_Visited,,,Not_Visited,,,,,,n,x
77,6/25/19,SR30N,2,347,347,PAST,19.8,1.9,left,4,NA,NA,NA,5/20/22,tag_cut_off,Healthy,NA,NA,Not_Visited,NA,,Not_Visited,,,Not_Visited,,,Not_Visited,,,Not_Visited,,,Not_Visited,,,Not_Visited,,,Not_Visited,,Not_Visited,,,Not_Visited,,,Not_Visited,,,,,,n,x
81,10/13/19,SR30N,2,403,403,PSTR,32.5,4.25,left,5,55,34,Unknown,5/22/22,took_syringe_samples_adjacent_to_punch,Healthy,NA,no photos,Dead,NA,,Dead,,,Not_Visited,,NA,Not_Visited,,NA,Not_Visited,,,Not_Visited,,Not visited,Not_Visited,,,Not_Visited,,Not_Visited,,,Not_Visited,,,Not_Visited,,,,,,n,x
80,10/13/19,SR30N,2,427,427,PSTR,4.3,4.5,left,4,24,15,Unknown,5/22/22,took_syringe_samples_adjacent_to_punch,Healthy,NA,Recent_dead,Dead,NA,,Dead,,,Not_Visited,,NA,Not_Visited,,NA,Not_Visited,,,Not_Visited,,Not visited,Not_Visited,,,Not_Visited,,Not_Visited,,,Not_Visited,,,Not_Visited,,,,,,n,x
83,6/23/19,LAGOON,3,373,373,MMEA,1,0.1,left,4,24,10,Unknown,5/20/22,,Healthy,NA,NA,Dead,NA,,Dead,,,Not_Visited,,NA,Not_Visited,,NA,Not_Visited,,,Not_Visited,,Not visited,Not_Visited,,,Not_Visited,,Not_Visited,,,Not_Visited,,,Not_Visited,,,,,,n,x
84,6/23/19,LAGOON,3,327,2,MCAV,0,1.8,right,4,33,19,2/24/24,Diseased,mucus_sheaths,Healthy,NA,NA,Healthy,NA,,Healthy,,20%Paling,CLP,20%,100% Pale ,CLP,100%,"20% CLP, 10% TL",CLP,20%,"10%TL, slight paling","Diseased_Other, CLP",",10%",unknown TL disease; Color has been light blue since the beginning of tag,Diseased_Other,,"looks like the same as previous months, but there are snails on 'lesion' line.., severe TL",Diseased_Other,,Diseased_Other,,"no more white lesion, reddish/black line surrounding the colony",Diseased_Other,,"originally labelled as and sampled as healthy, but black line is being defined as diseased",Healthy,,70% mortality,Healthy,,,y,x
85,6/23/19,LAGOON,3,364,3,SSID,0.2,2.3,right,5,52,21,5/20/22,Diseased,,Healthy,NA,DC/TL_(MF_SA_sheathing_TL),Diseased,20%,no photos,Diseased,,Sampled as diseased ,Diseased,,Not Visited ,Not_Visited,,Not Visited ,Not_Visited,,,Diseased,,Not visited,Not_Visited,,,Diseased,,Not_Visited,,,Not_Visited,,,Healthy,,30% mortality,Diseased,,,n,x
86,10/14/19,LAGOON,3,411,4,PSTR,0,2.5,right,4,25,25,Healthy,Healthy,mucus_sample_taken_adjacent_to_punch,Healthy,NA,"20% mort, TL_(F,_SA)_sampled_as_healthy!!",Healthy,NA,,Healthy,,100% CLP,CLP,100%,Not Visited ,Not_Visited,,Not Visited ,Not_Visited,,,Healthy,,Not visited,Not_Visited,,,Healthy,,Not_Visited,,,Not_Visited,,,Not_visited,,,Healthy,,,n,x
87,6/23/19,LAGOON,3,350,5,SSID,6.9,0.6,right,4,42,20,Healthy,Healthy,no photos,Healthy,NA,NA,Healthy,NA,,Healthy,,Healthy,Healthy,,Healthy ,Healthy,,Healthy ,Healthy,,Healthy,Healthy,,Healthy,Healthy,,,Healthy,,Healthy,,,CLP,60%,"60% CLP, slightly blue",Healthy,,5% mortality,Healthy,,,y,x
88,6/23/19,LAGOON,3,353,6,PAST,6.8,0.5,right,4,24,20,Healthy,1/1/24,,Healthy,NA,NA,Healthy,NA,60% mort ,Healthy,,100% bleached ,CLB,100%,"100% Bleached, TL?",CLB,100%,"90% Mortality, 100% CLB",CLB,100%,Dead,Dead,,Not visited,Not_Visited,,,Dead,,Dead,,,Dead,,,Not_visited,,Dead,Not_visited,,,y,Help (122022 disease?)
89,6/23/19,LAGOON,3,21,7,PAST,5.6,0.5,left,NA,29,10,Healthy,4/26/24,"orange_tag, no photos",Healthy,NA,Missed_sample,Healthy,NA,,Healthy,,Healthy,Healthy,,Not Visited ,Not_Visited,,Not Visited ,Not_Visited,,,CLP,80%,Not visited,Not_Visited,,,Healthy,,Not_Visited,,,Not_Visited,,,Not_visited,,Dead,Not_visited,,,n,x
90,6/23/19,LAGOON,3,22,8,PAST,9.5,0.3,left,3,30,15,Healthy,4/26/24,"orange_tag, no photos",Healthy,NA,NA,Healthy,NA,,Healthy,,bleached / dead,CLB,100%,Not Visited ,Not_Visited,,Not Visited ,Not_Visited,,,Dead,,Not visited,Not_Visited,,,Dead,,Not_Visited,,,Not_Visited,,,Not_visited,,Dead,Not_visited,,,n,x
91,6/23/19,LAGOON,3,367,9,MCAV,7.6,3.5,left,5,53,39,NA,5/20/22,25% old mort,Healthy,NA,NA,Dead,NA,,Dead,,,Not_Visited,,NA,Not_Visited,,NA,Not_Visited,,,Not_Visited,,Not visited,Not_Visited,,,Not_Visited,,Not_Visited,,,Not_Visited,,,Not_visited,,,Not_visited,,Dead,n,x
92,6/23/19,LAGOON,3,361,10,PAST,9.8,2.5,left,4,30,10,Healthy,Healthy,,Healthy,NA,NA,Healthy,NA,,Healthy,,90%Pale,CLP,90%,"100% Bleached, 40% TL",CLB,100%,"75% Mortality, 100%CLB",CLB,100%,98% mort,Healthy,,NOT dead- but too small for immune sample,Healthy,,,Not_Visited,,Healthy,,"few isolates left, not enough for immune, predation, was called dead on the map ",Healthy,,"few polyps left, colony not big enough for immune",Not_visited,,,Dead,,,y,x
93,10/14/19,LAGOON,3,415,11,PSTR,11.2,0.2,right,4,42,48,Unknown,5/20/22,mucus_sample_taken_adjacent_to_punch,Healthy,NA,NA,Dead,NA,,Dead,,,Dead,,NA,Not_Visited,,NA,Not_Visited,,,Not_Visited,,Not visited,Not_Visited,,,Not_Visited,,Not_Visited,,,Not_Visited,,,Not_visited,,Dead,Not_visited,,,n,x
94,6/23/19,LAGOON,3,304,12,MCAV,10.2,2.6,right,4,27,15,Unknown,5/20/22,,Healthy,NA,NA,Dead,NA,,Dead,,,Not_Visited,,NA,Not_Visited,,NA,Not_Visited,,,Not_Visited,,Not visited,Not_Visited,,,Dead,,Not_Visited,,,Not_Visited,,,Not_visited,,Dead,Not_visited,,Dead,n,x
95,6/23/19,LAGOON,3,358,13,PAST,10.2,2.5,right,4,22,8,Healthy,Healthy,,Healthy,NA,NA,Healthy,NA,mucus sheating; no sample,Healthy,,,Not_Visited,,Not Visited ,Not_Visited,,Not Visited ,Not_Visited,,,Healthy,,Not visited,Not_Visited,,,Healthy,,Not_Visited,,,Not_Visited,,,CLP,100%,20% mortality,Healthy,,,n,x
96,6/23/19,LAGOON,3,369,14,MCAV,12.5,0.8,left,4,27,34,Healthy,Healthy,10% mort,Healthy,NA,NA,Healthy,NA,,Healthy,,Healthy,Healthy,,95% Pale,CLP,95%,Healthy ,Healthy,,Healthy,Healthy,,Healthy,Healthy,,,Healthy,,Healthy,,,Healthy,,,Healthy,,15% mortality,Healthy ,,,y,x
97,6/23/19,LAGOON,3,379,15,MCAV,12.5,0.2,left,4,29,24,5/20/22,5/24/23,mucus_sheaths,Healthy,NA,60% mort,Diseased,NA,80% mort,Diseased,,Dead,Dead,,NA,Not_Visited,,NA,Not_Visited,,,Not_Visited,,Not visited,Not_Visited,,,Not_Visited,,Not_Visited,,,Not_Visited,,,Not_visited,,Dead,Not_visited,,Dead,n,x
98,10/14/19,LAGOON,3,412,16,PSTR,14.2,2.75,left,3,24,25,Unknown,5/20/22,mucus_sample_taken_adjacent_to_punch,Healthy,NA,NA,Dead,NA,,Dead,,,Dead,,NA,Not_Visited,,NA,Not_Visited,,,Not_Visited,,Not visited,Not_Visited,,,Not_Visited,,Not_Visited,,,Not_Visited,,,Not_visited,,,Not_visited,,,n,x
99,6/23/19,LAGOON,3,301,17,MCAV,14.6,2,right,4,29,14,5/20/22,12/3/22,,Healthy,NA,"50% mort, TL_(F,_A)",Diseased,NA,,Dead,,,Dead,,NA,Not_Visited,,NA,Not_Visited,,,Not_Visited,,Not visited,Not_Visited,,,Not_Visited,,Not_Visited,,,Not_Visited,,,Not_visited,,,Not_visited,,Dead,n,x
100,6/23/19,LAGOON,3,365,18,PAST,14.8,2.5,right,3,18,13,5/20/22,Diseased,,Healthy,NA,"50% mort,TL_(F,_SA)",Diseased,NA,60% mort,Diseased,,Healthy,Healthy,,Not Visited ,Not_Visited,,Not Visited ,Not_Visited,,no sample,Healthy,,Not visited,Not_Visited,,,Healthy,,Not_Visited,,,Not_Visited,,,CLB,60%,50% mortality,Healthy,,,n,x
101,6/23/19,LAGOON,3,300,19,SSID,14.9,2.6,right,4,32,27,5/20/22,Diseased,,Healthy,NA,"50% mort, TL/DC/CL_(MF,_SA,_sheathing_TL)",Diseased,NA,70% mort,Diseased,,sampled as diseased ,Diseased,,NA,Not_Visited,,NA,Not_Visited,,,Diseased,,Not visited,Diseased,,,Diseased,,Not_Visited,,,Not_Visited,,,Healthy,,97% mortality,Diseased,,,n,x
102,10/14/19,LAGOON,3,409,20,PSTR,16.5,0.25,left,4,33,20,Healthy,Healthy,"30% old mort, mucus_sample_taken_adjacent_to_punch",Healthy,NA,NA,Healthy,NA,,Healthy,,60% Pale,CLP,60%,100% Pale ,CLP,100%,Healthy ,Healthy,,Healthy,Healthy,,"Healthy, 3 snails",Healthy,,,Healthy,,Healthy,,,Healthy,,,Healthy,,15% mortality,Healthy,,,y,x
103,6/23/19,LAGOON,3,374,21,MCAV,22.8,0.5,left,5,45,18,Healthy,Healthy,20% old mort,Healthy,NA,NA,Healthy,NA,,Healthy,,Healthy,Healthy,,2% Bleach. 2% Pale - no picture,"CLP,CLB","2%,2%",2% CLP,CLP,2%,Healthy,Healthy,,Healthy,Healthy,,,Healthy,,Healthy,,,Healthy,,,Healthy,,15% mortality,Healthy,,,y,x
104,6/23/19,LAGOON,3,363,22,MCAV,19.2,1.1,left,4,29,27,5/20/22,12/3/22,,Healthy,NA,"40% mort, TL_(F,_A)_Black_band?",Diseased,NA,,Dead,,,Dead,,NA,Not_Visited,,NA,Not_Visited,,,Not_Visited,,Not visited,Not_Visited,,,Not_Visited,,Not_Visited,,,Not_Visited,,,Not_visited,,Dead,Not_visited,,Dead,n,x
105,6/23/19,LAGOON,3,307,23,SSID,22.9,2.6,left,5,20,12,5/20/22,Diseased,,Healthy,NA,"95% mort, TL_(MF,_SA,_sheathing_TL)",Diseased,NA,98% mort,Diseased,,Sampled as diseased ,Diseased,,Not Visited ,Not_Visited,,Not Visited ,Not_Visited,,,Diseased,,Not visited,Not_Visited,,very few isolates left,Diseased,,Not_Visited,,,Not_Visited,,,Healthy,,"95% mortality, only isolates left",Diseased,,,n,x
106,6/23/19,LAGOON,3,314,24,PAST,22.4,3,left,3,20,12,Unknown,5/20/22,,Healthy,NA,"Increased_mortality?_15%_old_dead,_missed_sample",Healthy,NA,,Healthy,,,Not_Visited,,Not Visited ,Not_Visited,,Not Visited ,Not_Visited,,,Not_Visited,,Not visited,Not_Visited,,,Not_Visited,,Healthy,,x,Not_Visited,,,Not_visited,,,Not_visited,,,n,19/22
133,6/23/19,LAGOON,3,24,24,SSID,31.7,2.8,right,3,NA,NA,NA,NA,"no photos, orange_tag",Healthy,NA,Not_found,Not_Visited,NA,,Not_Visited,,,Not_Visited,,Not Visited ,Not_Visited,,Not Visited ,Not_Visited,,,Not_Visited,,Not visited,Not_Visited,,,Not_Visited,,Not_Visited,,,Not_Visited,,,Not_visited,,,Not_visited,,,n,x
107,6/23/19,LAGOON,3,316,26,SSID,27.6,0.7,left,4,34,18,,5/20/22,,Healthy,NA,"90% mort, TL_(MF,_SA,_sheathing_TL)",Diseased,NA,95% mort,Diseased,,dead or not found?,Not_Visited,,Not Visited ,Not_Visited,,Not Visited ,Not_Visited,,,Not_Visited,,Not visited,Not_Visited,,,Not_Visited,,Not_Visited,,,Not_Visited,,,Not_visited,,,Not_visited,,,n,x
108,6/23/19,LAGOON,3,321,321,MMEA,27.6,1.8,right,4,30,28,Unknown,5/20/22,"fish predation, 10% mort",Healthy,NA,PAST_recruit_at_least_one_year_old,Dead,NA,,Dead,,,Dead,,Not Visited ,Not_Visited,,Not Visited ,Not_Visited,,,Not_Visited,,Not visited,Not_Visited,,,Not_Visited,,Not_Visited,,,Not_Visited,,,Not_visited,,,,,,n,x
109,6/23/19,LAGOON,3,370,28,SSID,28.3,3.8,right,4,22,24,5/20/22,Diseased,,Healthy,NA,"5% mort, DC/TL_(MF,_A,_sheathing_TL+_white_TL)",Diseased,NA,15% mort,Diseased,,sampled as diseased ,Diseased,,Not Visited ,Not_Visited,,Not Visited ,Not_Visited,,,Diseased,,Not visited,Not_Visited,,"Diseased, DC",Diseased,,Not_Visited,,,Not_Visited,,,Healthy,,,Diseased,,,n,x
110,6/23/19,LAGOON,3,345,345,MMEA,30,5,right,4,32,38,Unknown,5/20/22,,Healthy,NA,NA,Dead,NA,,Dead,,,Dead,,NA,Not_Visited,,NA,Not_Visited,,,Not_Visited,,Not visited,Not_Visited,,,Not_Visited,,Not_Visited,,,Not_Visited,,,Not_visited,,Dead,,,,n,x
111,10/14/19,LAGOON,3,408,30,PSTR,29.4,2.25,left,4,44,35,Unknown,5/20/22,mucus_sample_taken_adjacent_to_punch,Healthy,NA,NA,Dead,NA,,Dead,,,Dead,,NA,Not_Visited,,NA,Not_Visited,,,Not_Visited,,Not visited,Not_Visited,,,Not_Visited,,Not_Visited,,,Not_Visited,,,Not_visited,,,Not_visited,,,n,x
112,10/14/19,LAGOON,3,426,31,PSTR,31.1,3,left,4,30,15,Healthy,12/3/22,mucus_sample_taken_adjacent_to_punch,Healthy,NA,10%_old_dead_increase_from_2019?,Healthy,NA,,Dead,,,Dead,,Not Visited ,Not_Visited,,Not Visited ,Not_Visited,,,Not_Visited,,Not visited,Not_Visited,,,Not_Visited,,Not_Visited,,,Not_Visited,,,Not_visited,,,Not_visited,,,n,x
113,10/14/19,LAGOON,3,423,32,PSTR,34.3,3.25,right,4,30,22,Unknown,5/20/22,"mucus_sample_taken_adjacent_to_punch,_mucus_sheaths",Healthy,NA,NA,Dead,NA,,Dead,,,Dead,,NA,Not_Visited,,NA,Not_Visited,,,Not_Visited,,Not visited,Not_Visited,,,Not_Visited,,Not_Visited,,,Not_Visited,,,Not_visited,,,Not_visited,,,n,x
114,6/23/19,LAGOON,3,23,33,SSID,31.7,1.1,right,3,30,15,12/3/22,Diseased,"orange_tag, no photos",Healthy,NA,NA,Healthy,NA,,Healthy,,"50% Pale, 50% Discoloration","CLP,DC","50%,50%","5% Bleach, 10% Pale ","CLP,CLB","10%,5%",Healthy ,DC,30%,Healthy,DC,30%,Healthy,DC,30%,,DC,30%,DC,10%,"10% DC - black spots, small bleach/TL spot?? (5%)",DC,40%,discoloration- some black & purple spots,Healthy,,,Healthy,,,y,help (112023-062024 - DC?? Or just healthy?)
115,6/23/19,LAGOON,3,27,34,PAST,37,2,right,3,43,24,Healthy,Healthy,"orange_tag, no photos",Healthy,NA,"old fish predation, Mucus_sheathing,_sampled_as_healthy_but_TL_recorded",Healthy,NA,,Healthy,,Healthy,Healthy,,10% Pale ,CLP,10%,Healthy ,Healthy,,Healthy,Healthy,,Healthy,Healthy,,,Healthy,,Healthy,,snail & damsel predation,Healthy,,,Healthy,,,Healthy,,,y,x
116,6/23/19,LAGOON,3,29,29,MMEA,38.5,3,right,2,NA,NA,Unknown,5/20/22,"no photo, orange_tag,_accidentally_used_T3-33_sticker_on_one_of_the_tissue_samples",Healthy,NA,NA,Dead,NA,,Dead,,,Dead,,NA,Not_Visited,,NA,Not_Visited,,,Not_Visited,,Not visited,Not_Visited,,,Not_Visited,,Not_Visited,,,Not_Visited,,,Not_visited,,,,,,n,x
117,6/23/19,LAGOON,3,25,36,SSID,37.4,3.7,right,3,35,24,5/20/22,Diseased,"orange_tag, no photos",Healthy,NA,"DC/TL_(MF,_SA)",Diseased,100%,,Healthy,,"Dark Spots, sampled as healthy",DC,10%,NA,Not_Visited,,NA,Not_Visited,,,Healthy,,Not visited,Not_Visited,,,Diseased,,Not_Visited,,,Not_Visited,,,Healthy,,10% mortality,Diseased,,DC 20%,n,help (diseased 042024?)
119,5/20/22,LAGOON,3,NA,38,OFAV,6.2,0.8,right,NA,NA,NA,Healthy,Healthy,newly_added_May_2022,NA,NA,NA,Healthy,NA,,Healthy,,Healthy,Healthy,,Healthy ,Healthy,,Healthy ,Healthy,,Healthy,Healthy,,Healthy; no picture,Healthy,,,Healthy,,Healthy,,,Healthy,,,Healthy,,5% mortality,Healthy ,,,y,x
120,5/20/22,LAGOON,3,NA,39,OFAV,24.7,1,right,NA,NA,NA,Healthy,Healthy,newly_added_May_2022,NA,NA,NA,Healthy,NA,,Healthy,,Healthy,Healthy,,Healthy ,Healthy,,Healthy ,Healthy,,Healthy,Healthy,,Healthy,Healthy,,,Healthy,,Healthy,,damsel farming,Healthy,,lots of damselfish predation,Healthy,,"20% mortality, damselfish",Healthy ,,,y,x
118,6/23/19,LAGOON,3,28/37,65,SSID,40,1.2,left,3,43,24,5/20/22,Diseased,"orange_tag, no photos",Healthy,NA,"DC/TL_(MF,_sheating_TL)",Diseased,NA,no photos,Diseased,,dead or not found?,Not_Visited,,Not Visited ,Not_Visited,,Not Visited ,Not_Visited,,,Not_Visited,,Not visited,Not_Visited,,,Not_Visited,,Not_Visited,,,Not_Visited,,,CLP,5%,90% mortality,Diseased,,,n,help (dead in 122022 or 092023?)
121,12/3/22,LAGOON,3,,66,OFAV,7.9,1.6,right,NA,25,NA,,,,NA,NA,,NA,NA,,Healthy,,Healthy,Healthy,,Healthy ,Healthy,,Healthy ,Healthy,,Healthy,Healthy,,Healthy,Healthy,,,Healthy,,Healthy,,,Healthy,,,Healthy,,,,,,y,x
122,12/3/22,LAGOON,3,,67,MCAV,13.6,0.8,R,NA,19,37,12/3/22,9/25/23,,NA,NA,,NA,NA,70% mort,Diseased,,Dead,Dead,,NA,Not_Visited,,NA,Not_Visited,,,Not_Visited,,Not visited,Not_Visited,,,Not_Visited,,Not_Visited,,,Not_Visited,,,Not_visited,,,Not_visited,,Dead,n,x
123,12/3/22,LAGOON,3,,68,OANN,15.8,1.6,R,NA,32,18,Healthy,Healthy,,NA,NA,,NA,NA,20% mort,Healthy,,5% Bleaching,CLB,5%,Not Visited ,Not_Visited,,Not Visited ,Not_Visited,,,Healthy,,Not visited,Not_Visited,,,Healthy,,Not_Visited,,,Not_Visited,,,Healthy,,,CLP,40%,,n,x
124,12/3/22,LAGOON,3,,69,DLAB,21.1,12,L,NA,20,22,Healthy,Healthy,,NA,NA,,NA,NA,,Healthy,,Healthy,Healthy,,Not Visited ,Not_Visited,,Not Visited ,Not_Visited,,no sample?,CLP,20%,Not visited,Not_Visited,,,Healthy,,Not_Visited,,,Not_Visited,,,CLP,80%,"20% mortality, snails",Healthy,,,n,x
125,12/3/22,LAGOON,3,,70,PSTR,18.8,3.2,L,NA,21,13,Healthy,Healthy,,NA,NA,,NA,NA,10% old mort,Healthy,,Paling?,CLP,100%,"90% Bleach, 10% Pale ","CLP,CLB","10%,90%","15% Bleaching, 20% Pale ","CLP,CLB","20%,15%",paling around edges,CLP,10%,Healthy,Healthy,,,Healthy,,Healthy,,,Healthy,,,CLP,100%,"80% mortality, snail+damsel",CLP,100%,,y,x
126,12/3/22,LAGOON,3,,71,MCAV,21.3,1.25,L,NA,25,44,Healthy,Healthy,,NA,NA,,NA,NA,5% mort,DC,10%,Healthy,Healthy,,Not Visited ,Not_Visited,,Not Visited ,Not_Visited,,no sample,Healthy,,Not visited,Not_Visited,,,Healthy,,Not_Visited,,,Not_Visited,,,Healthy,,10% mortality,Healthy,,,n,x
127,12/3/22,LAGOON,3,,72,OANN,34.8,0.9,R,NA,33,19,Healthy,Healthy,,NA,NA,,NA,NA,fish predation,Healthy,,50% Paling,CLP,50%,Not Visited ,Not_Visited,,Not Visited ,Not_Visited,,heavy snail predation,Healthy,,Not visited,Not_Visited,,snail predation,Healthy,,Not_Visited,,,Not_Visited,,,Healthy,,"60% mortality, predation",CLP,20%,,n,x
128,12/3/22,LAGOON,3,,73,DLAB,39.4,2.85,L,NA,35,35,Healthy,Healthy,,NA,NA,,NA,NA,,Healthy,,30%Pale,CLP,30%,Not Visited ,Not_Visited,,Not Visited ,Not_Visited,,,Healthy,,Not visited,Not_Visited,,,Healthy,,Not_Visited,,,Not_Visited,,,CLP,5%,,Healthy,,,n,x
129,12/3/22,LAGOON,3,,74,PSTR,39.9,5.8,L,NA,22,25,5/24/23,9/25/23,,NA,NA,,NA,NA,,Healthy,,Dead,Dead,,NA,Not_Visited,,NA,Not_Visited,,,Not_Visited,,Not visited,Not_Visited,,,Not_Visited,,Not_Visited,,,Not_Visited,,,Not_visited,,,Not_visited,,,n,x
130,12/3/22,LAGOON,3,,75,PSTR,34.5,1.1,L,NA,23,19,Healthy,Healthy,,NA,NA,,NA,NA,5% old mort,Healthy,,30%Pale,CLP,30%,Not Visited ,Not_Visited,,Not Visited ,Not_Visited,,TL - disease or snails? Paling around edges,CLP,10%,Not visited,Not_Visited,,,Healthy,,Not_Visited,,,Not_Visited,,,Healthy,,"60% mortality, predation",Healthy,,,n,help (012024)
131,6/23/19,LAGOON,3,378,378,MMEA,21.9,4.5,left,4,NA,NA,Unknown,5/20/22,,Healthy,NA,Not_found,Dead,NA,,Dead,,,Dead,,Not Visited ,Not_Visited,,Not Visited ,Not_Visited,,,Not_Visited,,Not visited,Not_Visited,,,Not_Visited,,Not_Visited,,,Not_Visited,,,Not_Visited,,,,,,n,x
132,6/23/19,LAGOON,3,12flag,12flag,PAST,10.7,0.9,left,3,NA,NA,NA,5/20/22,temporary_tag,Healthy,NA,Not_found,Not_Visited,NA,,Not_Visited,,,Not_Visited,,Not Visited ,Not_Visited,,Not Visited ,Not_Visited,,,Not_Visited,,Not visited,Not_Visited,,,Not_Visited,,Not_Visited,,,Not_Visited,,,Not_Visited,,,Not_visited,,,n,x
134,12/5/22,CURLEW,4,,28,MCAV,2.9,2.5,L,NA,28,18,Healthy,Healthy,,NA,NA,,NA,NA,,Healthy,,,Healthy,,Healthy ,Healthy,,Healthy ,Healthy,,,Healthy,,Healthy,Healthy,,,Healthy,,Healthy,,,Healthy,,,Healthy,,2% mortality,Healthy,,,y,x
135,12/5/22,CURLEW,4,,30,MCAV,33.3,0.6,L,NA,12,10,Healthy,Healthy,,NA,NA,,NA,NA,left colony sampled,Healthy,,unknown which colony was sampled,Healthy,,10% Pale - NO TAG FOUND; right colony sampled,CLP,10%,Healthy ,Healthy,,,Healthy,,Healthy,Healthy,,,Healthy,,Healthy,,,CLB,5%,5% CLB,CLP,30%,20% mortality,Healthy,,,y,x
136,12/5/22,CURLEW,4,,43,DLAB,36.2,5.7,L,NA,39,25,Healthy,Healthy,,NA,NA,,NA,NA,,Healthy,,,Healthy,,Not Visited ,Not_Visited,,Not Visited ,Not_Visited,,inc old mort,Healthy,,Not visited,Not_Visited,,,Healthy,,Not_Visited,,,Not_Visited,,,CLP,15%,5% mortality,Healthy,,,n,x
137,12/5/22,CURLEW,4,,76,MCAV,19.9,2.3,L,NA,30,25,Healthy,Healthy,,NA,NA,,NA,NA,10% mort,Healthy,,,Healthy,,100% Pale ?,CLP,100%,80% Paling,CLP,80%,Healthy,Healthy,,Healthy,Healthy,,,Healthy,,Healthy,,,Healthy,,,CLP,40%,10% mortality,Healthy,,,y,x
138,12/5/22,CURLEW,4,,77,OFAV,24.6,2.5,R,NA,80,70,Healthy,Healthy,,NA,NA,,NA,NA,10% mort,Healthy,,,Healthy,,Not Visited ,Healthy,,Not Visited ,Not_Visited,,,Healthy,,Not visited,Not_Visited,,,Healthy,,Not_visited,,,Not_Visited,,,Healthy,NA,20% mortality,Healthy,,,n,x
139,12/5/22,CURLEW,4,,78,OFAV,29.4,0.1,L,NA,120,55,Healthy,Healthy,,NA,NA,,NA,NA,,Healthy,,,CLP,20%,50% Pale,CLP,50%,10%CLP - after review: 20%,CLP,20%,5% CLP - after review: 10%,CLP,10%,"5% pale, some small old mortality patches on the top?",CLP,5%,,Healthy,,Healthy,,,Healthy,,,"CLB,CLP","10%,15%",10% mortality,Healthy,,,y,x
140,12/5/22,CURLEW,4,,79,PSTR,14.4,4.3,L,NA,25,17,Healthy,Healthy,,NA,NA,,NA,NA,,Healthy,,,Healthy,,100% Pale ,CLP,100%,10% CLP,CLP,10%,Healthy,Healthy,,Healthy,Healthy,,,Healthy,,Healthy,,,Healthy,,,CLB,80%,5% mortality,Healthy,,,y,x
141,12/5/22,CURLEW,4,,80,PSTR,18.3,3,L,NA,26,18,Healthy,9/26/23,,NA,NA,,NA,NA,,Healthy,,,Dead,,NA,Not_Visited,,NA,Not_Visited,,,Not_Visited,,Not visited,Not_Visited,,,Not_Visited,,Not_Visited,,,Not_Visited,,,Not_visited,,,,,,n,x
142,12/5/22,CURLEW,4,,92,OFAV,15.2,0.1,L,NA,75,70,Healthy,Healthy,,NA,NA,,NA,NA,10% mort,Healthy,,,Diseased,,Not Visited ,Not_Visited,,Not Visited ,Not_Visited,,damsel fish predation,Healthy,,Not visited,Not_Visited,,,Healthy,,Not_visited,,?,Not_Visited,,,CLP,25%,15% mortality,Healthy,,,n,help (diseased 092023)
143,12/5/22,CURLEW,4,,93,DLAB,6.6,2.2,L,NA,65,37,Healthy,Healthy,,NA,NA,,NA,NA,,Healthy,,,Healthy,,Not Visited ,Not_Visited,,Not Visited ,Not_Visited,,,Healthy,,Not visited,Not_Visited,,,Healthy,,Not_visited,,,Not_Visited,,,Healthy ,,20% mortality,Healthy,,,n,x
144,12/5/22,CURLEW,4,,94,MCAV,26.2,1.8,L,NA,35,33,12/5/22,9/26/23,,NA,NA,,NA,NA,80% mort,Diseased,,,Dead,,NA,Not_Visited,,NA,Not_Visited,,,Not_Visited,,Not visited,Not_Visited,,,Not_Visited,,Not_visited,,,Not_Visited,,,Not_visited,,Dead,,,,n,x
145,12/5/22,CURLEW,4,,95,MCAV,27.9,3.8,L,NA,18,10,12/5/22,9/26/23,,NA,NA,,NA,NA,beginning of disease,Diseased,,,Dead,,NA,Not_Visited,,NA,Not_Visited,,,Not_Visited,,Not visited,Not_Visited,,,Not_Visited,,Not_visited,,,Not_Visited,,,Not_visited,,Dead,,,,n,x
146,12/5/22,CURLEW,4,,96,PSTR,25.3,9.5,right,NA,40,30,12/5/22,Could not find 9/26/23,,NA,NA,,NA,NA,no photos,Diseased,,,Dead,,Not Visited ,Not_Visited,,Not Visited ,Not_Visited,,,Not_Visited,,Not visited,Not_Visited,,,Not_Visited,,Not_visited,,,Not_Visited,,,Not_visited,,Dead,,,,n,x
147,12/5/22,CURLEW,4,,97,PSTR,14.6,5.5,L,NA,33,22,12/5/22,9/26/23,,NA,NA,,NA,NA,10% mort,Diseased,,,Dead,,NA,Not_Visited,,NA,Not_Visited,,,Not_Visited,,Not visited,Not_Visited,,,Not_Visited,,Not_visited,,,Not_Visited,,,Not_visited,,Dead,,,,n,x
148,12/5/22,CURLEW,4,,98,PSTR,7.7,6.2,L,NA,48,45,Healthy,Healthy,,NA,NA,,NA,NA,,Healthy,,,Healthy,,100% Bleached ,CLB,100%,20% Bleach 20% Pale ,"CLP,CLB","20%,20%",10% Bleaching,CLB,10%,"10% pale, some damselfish predation",CLP,10%,,Healthy,,Healthy,,,CLP,10%,10% CLP,CLP,100%,,Healthy ,,,y,x
,12/5/22,CURLEW,4,,99,OANN,6.8,4.5,L,NA,75,45,12/5/22,Diseased,,NA,NA,,NA,NA,"50% mort not from disease, 5% from disease",Diseased,,,Diseased,,,Not_Visited,,,Not_Visited,,few polyps left ,Healthy,,,Not_Visited,,,Healthy,,Healthy,,FEW polyps left; sampled wrong coral in april; see colony photos ,Not_Visited,,,Healthy,,,Healthy,,too few polyps left to sample,n,x
149,12/5/22,CURLEW,4,,100,OFAV,17.2,8.5,R,NA,70,85,12/5/22,Diseased,,NA,NA,,NA,NA,no photo ,Diseased,,,Diseased,,Not Visited ,Not_Visited,,Not Visited ,Not_Visited,,,Healthy,,Not visited,Not_Visited,,,Healthy,,Not_visited,,,Not_Visited,,,Healthy,,"95% mortality, parrot",Healthy,,,n,help (diseased 092023)
186,1/13/24,BB,5,,32,OANN,27.3,3.6,L,NA,190,80,Healthy,Healthy,,NA,NA,,NA,NA,,NA,,,NA,,,NA,,,NA,,damsel predation,CLP,10%,Not_visited,Not_visited,,tunicate overgrowth ,CLP,10%,Not_visited,,Not_visited,Not_Visited,,,"CLB,CLP","10%,20%",30% mortality,Diseased,,,n,x
185,1/13/24,BB,5,,33,OANN,17.4,3.6,R,NA,110,60,Healthy,Healthy,,NA,NA,,NA,NA,,NA,,,NA,,,NA,,,NA,,damsel predation,CLP,10%,Not_visited,Not_visited,,,CLP,5%,Not_visited,,Not_visited,Not_Visited,,,"CLB,CLP","25%,60%",40% mortality,Healthy,,,n,x
184,1/13/24,BB,5,,34,OANN,2,4,R,NA,130,90,Healthy,Healthy,,NA,NA,,NA,NA,,NA,,,NA,,,NA,,,NA,,damsel predation,CLP,50%,Not_visited,Not_visited,,,CLP,10%,Not_visited,,Not_visited,Not_Visited,,,CLP,10%,15% mortality,CLP,20%,,n,x
183,1/13/24,BB,5,,35,OFAV,2.3,4.5,R,NA,180,100,Healthy,Healthy,,NA,NA,,NA,NA,,NA,,,NA,,,NA,,,NA,,damsel predation,CLP,20%,Not_visited,Not_visited,,,Healthy,,Not_visited,,Not_visited,Not_Visited,,,"CLB,CLP","5%,85%",20% mortality,CLP,30%,,n,x
182,1/13/24,BB,5,,36,OFAV,11.2,0.1,L,NA,170,100,Healthy,Healthy,,NA,NA,,NA,NA,,NA,,,NA,,,NA,,,NA,,damsel predation,Healthy,,Not_visited,Not_visited,,,Healthy,,Not_visited,,Not_visited,Not_Visited,,,"CLB,CLP","30%,40%",25%mortality,Healthy,,,n,x
181,1/13/24,BB,5,,37,OFAV,17.1,1.2,L,NA,105,80,Healthy,Healthy,,NA,NA,,NA,NA,,NA,,,NA,,,NA,,,NA,,,Healthy,,Not_visited,Not_visited,,,Healthy,,Not_visited,,Not_visited,Not_Visited,,,"CLB,CLP","5%,10%",60% mortality,Healthy,,,n,x
180,1/13/24,BB,5,,38,PAST,20.9,2.2,R,NA,60,30,Healthy,Healthy,,NA,NA,,NA,NA,,NA,,,NA,,,NA,,,NA,,damsel predation,Healthy,,Not_visited,Not_visited,,,Healthy,,Not_visited,,Not_visited,Not_Visited,,,"CLB,CLP","2%,5%",60% mortality,Healthy,,,n,x
179,1/13/24,BB,5,,39,PAST,22.8,2.1,L,NA,24,15,Healthy,Healthy,,NA,NA,,NA,NA,,NA,,,NA,,,NA,,,NA,,damsel predation,Healthy,,Not_visited,Not_visited,,,Healthy,,Not_visited,,Not_visited,Not_Visited,,,CLB,100%,95% mortality,Dead,,,n,x
178,1/13/24,BB,5,,40,PAST,28.7,0.8,R,NA,25,10,Healthy,Healthy,,NA,NA,,NA,NA,,NA,,,NA,,,NA,,,NA,,,Healthy,,Not_visited,Not_visited,,,Healthy,,Not_visited,,Not_visited,Not_Visited,,,CLP,70%,10% mortality,Healthy,,,n,x
177,1/13/24,BB,5,,41,OFAV,28.4,1.3,R,NA,100,80,Healthy,Healthy,,NA,NA,,NA,NA,,NA,,,NA,,,NA,,,NA,,damsel predation,CLP,5%,Not_visited,Not_visited,,,Healthy,,Not_visited,,Not_visited,Not_Visited,,,"CLB,CLP,TL","50%,20%,5%",20% mortality,CLP,2%,,n,x
176,1/13/24,BB,5,,42,PAST,37,1.4,R,NA,40,10,Healthy,Healthy,,NA,NA,,NA,NA,,NA,,,NA,,,NA,,,NA,,damsel predation,Healthy,,Not_visited,Not_visited,,,Healthy,,Not_visited,,Not_visited,Not_Visited,,,CLP,100%,5% mortality,Healthy,,,n,x
175,1/13/24,BB,5,,43,OFAV,32.6,0.8,L,NA,80,75,Healthy,Healthy,,NA,NA,,NA,NA,,NA,,,NA,,,NA,,,NA,,5% old mortality ,CLP,5%,Not_visited,Not_visited,,,Healthy,,Not_visited,,Not_visited,Not_Visited,,,"CLB,CLP","60%,10%",15% mortality,Healthy,,,n,x
174,1/13/24,BB,5,,44,OANN,24.4,0.2,L,NA,150,100,Healthy,Healthy,,NA,NA,,NA,NA,,NA,,,NA,,,NA,,,NA,,10% old mortality,Healthy,,Not_visited,Not_visited,,,Healthy,,Not_visited,,Not_visited,Not_Visited,,,"CLB,CLP","40%,10%",10% mortality,Diseased,,,n,x
173,1/13/24,BB,5,,45,OANN,15,0.7,L,NA,200,120,Healthy,Healthy,,NA,NA,,NA,NA,,NA,,,NA,,,NA,,,NA,,damsel predation,Healthy,,Not_visited,Not_visited,,,Healthy,,Not_visited,,Not_visited,Not_Visited,,,"CLB,CLP","20%,20%",30% mortality,Healthy,,,n,x
172,1/13/24,BB,5,,46,PAST,10,4.6,R,NA,23,10,Healthy,Healthy,,NA,NA,,NA,NA,,NA,,,NA,,,NA,,,NA,,"in OANN colony, damsel predation",Healthy,,Not_visited,Not_visited,,,Healthy,,Not_visited,,Not_visited,Not_Visited,,,CLP,20%,5% mortality,Healthy,,,n,x
171,1/13/24,BB,5,,47,OANN,9,2.4,R,NA,80,50,Healthy,Healthy,,NA,NA,,NA,NA,,NA,,,NA,,,NA,,,NA,,,CLP,5%,Not_visited,Not_visited,,,Healthy,,Not_visited,,Not_visited,Not_Visited,,,"CLB,CLP","5%,90%",10% mortality,Healthy,,,n,x
170,1/13/24,BB,5,,48,PAST,7.3,0.4,R,NA,30,20,Healthy,Healthy,,NA,NA,,NA,NA,,NA,,,NA,,,NA,,,NA,,damsel predation,Healthy,,Not_visited,Not_visited,,,Healthy,,Not_visited,,Not_visited,Not_Visited,,,CLB,95%,10% mortality,Healthy,,,n,x
169,1/13/24,BB,5,,49,OANN,7,0.1,L,NA,120,70,Healthy,Healthy,,NA,NA,,NA,NA,,NA,,,NA,,,NA,,,NA,,damsel fish predation,Healthy,,Not_visited,Not_visited,,,Healthy,,Not_visited,,Not_visited,Not_Visited,,,"CLB,CLP","25%,20%",20% mortality,Healthy,,,n,x
168,1/13/24,BB,5,,50,OFAV,4,3.5,L,NA,120,110,Healthy,Healthy,,NA,NA,,NA,NA,,NA,,,NA,,,NA,,,NA,,,Healthy,,Not_visited,Not_visited,,,Healthy,,Not_visited,,Not_visited,Not_Visited,,,CLP,15%,10% mortality,Healthy,,,n,x
160,1/13/24,BB,5,,51,SSID,30,0.5,R,NA,85,30,Healthy,Healthy,,NA,NA,,NA,NA,,NA,,,NA,,,NA,,,NA,,,Healthy,,Not_visited,Not_visited,,,Healthy,,Not_visited,,Not_visited,Not_Visited,,,Healthy,,5% mortality,Healthy,,,n,x
163,1/13/24,BB,5,,52,PSTR,41,2.5,L,NA,65,55,Healthy,Healthy,,NA,NA,,NA,NA,,NA,,,NA,,,NA,,,NA,,,Healthy,,Not_visited,Not_visited,,,Healthy,,Not_visited,,Not_visited,Not_Visited,,,CLP,30%,5% mortality,Healthy,,,n,x
164,1/13/24,BB,5,,53,SSID,41,0,R,NA,95,45,Healthy,Healthy,,NA,NA,,NA,NA,,NA,,,NA,,,NA,,,NA,,,Healthy,,Not_visited,Not_visited,,,Healthy,,Not_visited,,Not_visited,Not_Visited,,,Healthy,,5% mortality,Healthy,,,n,x
166,1/13/24,BB,5,,54,MCAV,40,9.5,L,NA,55,5,Healthy,Healthy,,NA,NA,,NA,NA,,NA,,,NA,,,NA,,,NA,,50% old mortality,CLP,40%,Not_visited,Not_visited,,,Healthy,,Not_visited,,Not_visited,Not_Visited,,,Healthy,,60% mortality,Healthy,,,n,x
167,1/13/24,BB,5,,55,PSTR,0,0.5,R,NA,55,50,Healthy,Healthy,,NA,NA,,NA,NA,,NA,,,NA,,,NA,,,NA,,40% old mortality,Healthy,,Not_visited,Not_visited,,,Healthy,,Not_visited,,Not_visited,Not_Visited,,,CLP,10%,20% mortality,Healthy,,,n,x
151,1/13/24,BB,5,,56,PSTR,-0.5,2.5,L,NA,50,45,Healthy,Healthy,,NA,NA,,NA,NA,,NA,,,NA,,,NA,,,NA,,,Healthy,,Not_visited,Not_visited,,,Healthy,,Not_visited,,Not_visited,Not_Visited,,,Healthy,,10% mortality,Healthy,,,n,x
152,1/13/24,BB,5,,57,MCAV,8,5.5,R,NA,50,55,Healthy,Healthy,,NA,NA,,NA,NA,,NA,,,NA,,,NA,,,NA,,,DC,50%,Not_visited,Not_visited,,"color of discoloration intensified, bumpy - maybe some growth anomaly",DC,20%,Not_visited,,Not_visited,Not_Visited,,,Healthy,,,Healthy,,,n,x
162,1/13/24,BB,5,,61,MCAV,14,1.5,R,NA,70,70,Healthy,Healthy,,NA,NA,,NA,NA,,NA,,,NA,,,NA,,,NA,,15% old mortality,Healthy,,Not_visited,Not_visited,,,Healthy,,Not_visited,,Not_visited,Not_Visited,,,CLP,10%,50% mortality,Healthy,,,n,x
156,1/13/24,BB,5,,62,PSTR,16.5,6,R,NA,18,21,Healthy,Healthy,,NA,NA,,NA,NA,,NA,,,NA,,,NA,,,NA,,,Healthy,,Not_visited,Not_visited,,damsel fish predation,Healthy,,Not_visited,,Not_visited,Not_Visited,,,Healthy,,5% mortality,Healthy,,,n,x
161,1/13/24,BB,5,,63,SSID,16,5.5,R,NA,35,20,Healthy,Healthy,,NA,NA,,NA,NA,,NA,,,NA,,,NA,,,NA,,,Healthy,,Not_visited,Not_visited,,,Healthy,,Not_visited,,Not_visited,Not_Visited,,,Healthy,,3% mortality,Healthy,,,n,x
150,1/13/24,BB,5,,64,MCAV,1.5,0.5,R,NA,140,135,Healthy,Healthy,,NA,NA,,NA,NA,,NA,,,NA,,,NA,,,NA,,10% old mortality,Healthy,,Not_visited,Not_visited,,Not_visited,Not_visited,,Not_visited,,Not_visited,Not_Visited,,,"CLB,CLP","20%,30%",20% mortality,Healthy,,,n,x
154,1/13/24,BB,5,,65,MCAV,13.5,2,L,NA,50,30,Healthy,Healthy,,NA,NA,,NA,NA,,NA,,,NA,,,NA,,,NA,,,DC,40%,Not_visited,Not_visited,,color of discoloration intensified ,DC,40%,Not_visited,,Not_visited,Not_Visited,,,Healthy,,10% mortality,Healthy,,,n,x
155,1/13/24,BB,5,,67,SSID,15,3.5,L,NA,40,30,Healthy,Healthy,,NA,NA,,NA,NA,,NA,,,NA,,,NA,,,NA,,,Healthy,,Not_visited,Not_visited,,,Healthy,,Not_visited,,Not_visited,Not_Visited,,,Healthy,,5% mortality,Healthy,,,n,x
157,1/13/24,BB,5,,69,MCAV,14,5,L,NA,100,90,Healthy,Healthy,,NA,NA,,NA,NA,,NA,,,NA,,,NA,,,NA,,30% old mortality ,DC,30%,Not_visited,Not_visited,,color of discoloration intensified ,DC,30%,Not_visited,,Not_visited,Not_Visited,,,CLP,5%,40% mortality,Healthy,,,n,help (DC or disease?)
153,1/13/24,BB,5,,70,SSID,12,4.5,R,NA,150,80,Healthy,Healthy,,NA,NA,,NA,NA,,NA,,,NA,,,NA,,,NA,,,Healthy,,Not_visited,Not_visited,,,Healthy,,Not_visited,,Not_visited,Not_Visited,,,Healthy,,8% mortality,Healthy,,,n,x
158,1/13/24,BB,5,,71,SSID,13,5,L,NA,60,50,Healthy,Healthy,,NA,NA,,NA,NA,,NA,,,NA,,,NA,,,NA,,,Healthy,,Not_visited,Not_visited,,,Healthy,,Not_visited,,Not_visited,Not_Visited,,,Healthy,,30% mortality,Healthy,,,n,x
159,1/13/24,BB,5,,72,PSTR,4,5.5,L,NA,28,30,Healthy,Healthy,,NA,NA,,NA,NA,,NA,,,NA,,,NA,,,NA,,,Healthy,,Not_visited,Not_visited,,,Healthy,,Not_visited,,Not_visited,Not_Visited,,,"CLB,CLP","30%,50%",,Healthy,,,n,x
165,1/13/24,BB,5,,73,PSTR,41,10,L,NA,35,40,Healthy,Healthy,,NA,NA,,NA,NA,,NA,,,NA,,,NA,,,NA,,,Healthy,,Not_visited,Not_visited,,,Healthy,,Not_visited,,Not_visited,Not_Visited,,,CLB,20%,5% mortality,Healthy,,,n,x
203,4/29/24,HANGMAN,6,,1,MCAV,4.3,1.5,L,NA,35,60,Healthy,Healthy,,,NA,,,NA,,,,,,,,,,,,,,,,,,,,Healthy,,not_visited,,,Not_Visited,,,Healthy,,,Healthy,,,n,x
204,4/29/24,HANGMAN,6,,2,SSID,2.7,3.7,L,NA,50,45,Healthy,Healthy,,,NA,,,NA,,,,,,,,,,,,,,,,,,,,Healthy,,not_visited,,,Not_Visited,,,Healthy,,10% mortality,Healthy,,,n,x
205,4/29/24,HANGMAN,6,,3,PAST,5.5,0.5,L,NA,20,35,Healthy,Healthy,,,NA,,,NA,,,,,,,,,,,,,,,,,,,,Healthy,,not_visited,,,Not_Visited,,,Healthy,,60% mortality,Healthy,,,n,x
206,4/29/24,HANGMAN,6,,4,MCAV,7.3,2.1,L,NA,45,75,Healthy,Healthy,,,NA,,,NA,,,,,,,,,,,,,,,,,,,,Healthy,,not_visited,,,Not_Visited,,,Healthy,,,Healthy,,,n,x
207,4/29/24,HANGMAN,6,,5,SSID,7.6,1.1,R,NA,60,70,Healthy,Healthy,,,NA,,,NA,,,,,,,,,,,,,,,,,,,,Healthy,,not_visited,,,Not_Visited,,,Healthy,,20% mortality,Healthy,,,n,x
208,4/29/24,HANGMAN,6,,6,MCAV,16,0.85,R,NA,33,63,Healthy,Healthy,,,NA,,,NA,,,,,,,,,,,,,,,,,,,,Healthy,,not_visited,,,Not_Visited,,,CLP,10%,,Healthy,,,n,x
209,4/29/24,HANGMAN,6,,7,MCAV,26.4,1.7,L,NA,70,108,Healthy,Healthy,,,NA,,,NA,,,,,,,,,,,,,,,,,,,,Healthy,,not_visited,,,Not_Visited,,,CLP,100%,,Healthy,,,n,x
210,4/29/24,HANGMAN,6,,8,SSID,27.3,1,R,NA,30,25,Healthy,Healthy,,,NA,,,NA,,,,,,,,,,,,,,,,,,,,Healthy,,not_visited,,,Not_Visited,,,Healthy,,1% mortality,Healthy,,,n,x
211,4/29/24,HANGMAN,6,,9,MCAV,30,2.8,R,NA,70,105,Healthy,Healthy,,,NA,,,NA,,,,,,,,,,,,,,,,,,,,Healthy,,not_visited,,,Not_Visited,,,CLP,70%,10% mortality,Healthy,,,n,x
212,4/29/24,HANGMAN,6,,10,PAST,29.1,2.9,R,NA,11,12,Healthy,Healthy,,,NA,,,NA,,,,,,,,,,,,,,,,,,,30% old mort,Healthy,,not_visited,,,Not_Visited,,,Healthy,,1% mortality,Healthy,,,n,x
213,4/29/24,HANGMAN,6,,11,PAST,29.5,4.3,L,NA,30,30,Healthy,Healthy,,,NA,,,NA,,,,,,,,,,,,,,,,,,,,Healthy,,not_visited,,,Not_Visited,,,Healthy,,1% mortality,Healthy,,,n,x
214,4/29/24,HANGMAN,6,,12,PAST,28.4,3.4,L,NA,23,12,Healthy,Healthy,,,NA,,,NA,,,,,,,,,,,,,,,,,,,,Healthy,,not_visited,,,Not_Visited,,,"CLB,CLP","95%,5%",1% mortality,Healthy,,,n,x
215,4/29/24,HANGMAN,6,,13,PAST,11.2,0.1,R,NA,20,15,Healthy,Healthy,,,NA,,,NA,,,,,,,,,,,,,,,,,,,,Healthy,,not_visited,,,Not_Visited,,,Healthy,,10% mortality,Healthy,,,n,x
216,4/29/24,HANGMAN,6,,14,SSID,33.8,1,L,NA,37,35,Healthy,Healthy,,,NA,,,NA,,,,,,,,,,,,,,,,,,,,Healthy,,not_visited,,,Not_Visited,,,Healthy ,,5% mortality,Healthy,,,n,x
217,4/29/24,HANGMAN,6,,15,SSID,35.3,1.35,R,NA,32,25,Healthy,Healthy,,,NA,,,NA,,,,,,,,,,,,,,,,,,,,Healthy,,not_visited,,,Not_Visited,,,CLP,50%,5% mortality,Healthy,,,n,x
187,4/29/24,HANGMAN,6,,21,OFAV,30,2,L,NA,105,50,Healthy,Healthy,,,NA,,,NA,,,,,,,,,,,,,,,,,,,"20% old mort, parrotfish predation ",CLP,100%,not_visited,,,Not_Visited,,,Healthy,,10% mortality,Healthy,,,n,x
188,4/29/24,HANGMAN,6,,22,PSTR,27.8,2.4,L,NA,60,20,Healthy,Healthy,,,NA,,,NA,,,,,,,,,,,,,,,,,,,5% old mort,Healthy,,not_visited,,,Not_Visited,,,CLP,5%,5% mortality,Healthy,,,n,x
189,4/29/24,HANGMAN,6,,23,PSTR,28.5,4.4,L,NA,35,55,Healthy,Healthy,,,NA,,,NA,,,,,,,,,,,,,,,,,,,5% old mort,Healthy,,not_visited,,,Not_Visited,,,"CLB,CLP","50%,20%",5% mortality,Healthy,,,n,x
190,4/29/24,HANGMAN,6,,24,OANN,26.1,0.9,R,NA,90,75,Healthy,Healthy,,,NA,,,NA,,,,,,,,,,,,,,,,,,,"20% old mort, parrotfish predation",Healthy,,not_visited,,,Not_Visited,,,"CLB,CLP","50%,50%",30% mortality,Healthy,,,n,x
191,4/29/24,HANGMAN,6,,25,PSTR,14.5,2.4,L,NA,40,25,Healthy,Healthy,,,NA,,,NA,,,,,,,,,,,,,,,,,,,"20% old mort, predation?",Healthy,,not_visited,,,Not_Visited,,,CLP,20%,,Healthy,,,n,x
192,4/29/24,HANGMAN,6,,26,OANN,9.8,0.7,L,NA,40,15,Healthy,Healthy,,,NA,,,NA,,,,,,,,,,,,,,,,,,,"15% old mort, parrotfish predation",Healthy,,not_visited,,,Not_Visited,,,CLP,80%,10% mortality,CLP,10%,,n,x
193,4/29/24,HANGMAN,6,,27,PSTR,4.6,3.6,L,NA,70,50,Healthy,Healthy,,,NA,,,NA,,,,,,,,,,,,,,,,,,,10% old mort,CLP,100%,not_visited,,,Not_Visited,,,CLP,100%,3% mortality,CLP,100%,,n,x
194,4/29/24,HANGMAN,6,,28,OANN,5,3.6,L,NA,110,60,Healthy,Healthy,,,NA,,,NA,,,,,,,,,,,,,,,,,,,50% old mort,Healthy,,not_visited,,,Not_Visited,,,Healthy,,20% mortality,Healthy ,,,n,x
195,4/29/24,HANGMAN,6,,29,PSTR,9.2,2.2,L,NA,45,20,Healthy,Healthy,,,NA,,,NA,,,,,,,,,,,,,,,,,,,"10%, octocoral growing through",Healthy,,not_visited,,,Not_Visited,,,CLP,100%,10% mortality,Healthy,,,n,x
196,4/29/24,HANGMAN,6,,30,OFAV,16,5.7,R,NA,55,60,Healthy,Healthy,,,NA,,,NA,,,,,,,,,,,,,,,,,,,15% old mort,Healthy,,not_visited,,,Not_Visited,,,Healthy,,15% mortality,Healthy,,,n,x
197,4/29/24,HANGMAN,6,,31,PSTR,18.1,0.4,L,NA,45,30,Healthy,Healthy,,,NA,,,NA,,,,,,,,,,,,,,,,,,,5% old mort,Healthy,,not_visited,,,Not_Visited,,,CLP,30%,,Healthy,,,n,x
198,4/29/24,HANGMAN,6,,32,OFAV,17.1,0,L,NA,45,25,Healthy,Healthy,,,NA,,,NA,,,,,,,,,,,,,,,,,,,"10% old mort, parrotfish predation",Healthy,,not_visited,,,Not_Visited,,,CLP,10%,10% mortality,Healthy,,,n,x
199,4/29/24,HANGMAN,6,,33,OANN,18.7,4.8,R,NA,50,35,Healthy,Healthy,,,NA,,,NA,,,,,,,,,,,,,,,,,,,25% old mort,Healthy,,not_visited,,,Not_Visited,,,CLP,35%,20% mortality,Healthy,,,n,x
200,4/29/24,HANGMAN,6,,34,OFAV,26.5,1.2,L,NA,80,80,Healthy,Healthy,,,NA,,,NA,,,,,,,,,,,,,,,,,,,"40% old mort, parrotfish predation",Healthy,,not_visited,,,Not_Visited,,,CLP,20%,10% mortality,Healthy,,,n,x
201,4/29/24,HANGMAN,6,,35,OFAV,30.1,1.4,R,NA,30,55,Healthy,Healthy,,,NA,,,NA,,,,,,,,,,,,,,,,,,,5% old mort,Healthy,,not_visited,,,Not_Visited,,,Healthy,,20% mortality,Healthy,,,n,x
202,4/29/24,HANGMAN,6,,36,OANN,31,3.8,L,NA,60,45,Healthy,Healthy,,,NA,,,NA,,,,,,,,,,,,,,,,,,,40% old mort,Healthy,,not_visited,,,Not_Visited,,,"CLB,CLP","10%,30%",20% mortality,Healthy ,,,n,x
203,6/21/19,SR30N,2,341,341,SSID,16.2,0.8,R,5,NA,NA,Healthy,5/20/22,,Healthy,,,Dead,,,Not_Visited,,,Not_Visited,,,Not_Visited,,,Not_Visited,,,Not_Visited,,,Not_Visited,,,Not_Visited,,Not_Visited,,,Not_Visited,,,,,,,,,n,x