"","ID","diver","buddy","meters_surveyed","site_code","location_name","latitude","longitude","day","month","year","depth","code","scientific_name","total","juveniles_1_to_4_cm","isolate_1_to_4_cm","X5_to_10_cm","X11_to_20_cm","X21_to_40_cm","X41_to_80_cm","over_80_cm","X0_recent_total_mortality","predation_bites","X","total_small","total_lg","adult","date","event","time_point","survey"
"697",NA,"Leah Harper","",NA,"","CBC Central",NA,NA,25,5,"2022","","aaga","Agaricia agaricites",39,0,1,20,14,4,0,0,"",NA,"",39,0,39,2022-05-25,"CBC Central_May2022","May2022","May2022"
"698",NA,"Leah Harper","",NA,"","CBC Central",NA,NA,25,5,"2022","","aten","Agaricia tenuifolia",17,0,1,1,6,7,2,0,"",NA,"",15,2,17,2022-05-25,"CBC Central_May2022","May2022","May2022"
"699",NA,"Leah Harper","",NA,"","CBC Central",NA,NA,25,5,"2022","","pstr","Pseudodiploria strigosa",1,0,0,0,1,0,0,0,"",NA,"",1,0,1,2022-05-25,"CBC Central_May2022","May2022","May2022"
"700",NA,"Leah Harper","",NA,"","CBC Central",NA,NA,25,5,"2022","","orbi","Orbicella spp.",0,0,0,0,0,0,0,0,"",NA,"",0,0,0,2022-05-25,"CBC Central_May2022","May2022","May2022"
"701",NA,"Leah Harper","",NA,"","CBC Central",NA,NA,25,5,"2022","","mcav","Montastraea cavernosa",1,0,0,1,0,0,0,0,"",NA,"",1,0,1,2022-05-25,"CBC Central_May2022","May2022","May2022"
"702",NA,"Leah Harper","",NA,"","CBC Central",NA,NA,25,5,"2022","","past","Porites astreoides",37,3,1,12,14,6,1,0,"",NA,"",33,1,34,2022-05-25,"CBC Central_May2022","May2022","May2022"
"703",NA,"Leah Harper","",NA,"","CBC Central",NA,NA,25,5,"2022","","ppor","Porites porites",19,0,1,6,6,6,0,0,"",NA,"",19,0,19,2022-05-25,"CBC Central_May2022","May2022","May2022"
"704",NA,"Leah Harper","",NA,"","CBC Central",NA,NA,25,5,"2022","","ssid","Siderastrea siderea",7,0,0,3,3,1,0,0,"",NA,"",7,0,7,2022-05-25,"CBC Central_May2022","May2022","May2022"
"705",NA,"Leah Harper","",NA,"","CBC Central",NA,NA,25,5,"2022","","srad","Siderastrea radians",1,0,0,1,0,0,0,0,"",NA,"",1,0,1,2022-05-25,"CBC Central_May2022","May2022","May2022"
"706",NA,"Viviana Bravo","",NA,"","CBC Central",NA,NA,25,5,"2022","","aaga","Agaricia agaricites",26,2,5,10,8,1,0,0,"",NA,"",24,0,24,2022-05-25,"CBC Central_May2022","May2022","May2022"
"707",NA,"Viviana Bravo","",NA,"","CBC Central",NA,NA,25,5,"2022","","aten","Agaricia tenuifolia",12,1,0,2,5,3,1,0,"",NA,"",10,1,11,2022-05-25,"CBC Central_May2022","May2022","May2022"
"708",NA,"Viviana Bravo","",NA,"","CBC Central",NA,NA,25,5,"2022","","pstr","Pseudodiploria strigosa",4,0,0,0,2,0,2,0,"",NA,"",2,2,4,2022-05-25,"CBC Central_May2022","May2022","May2022"
"709",NA,"Viviana Bravo","",NA,"","CBC Central",NA,NA,25,5,"2022","","dlab","Diploria labyrinthiformis",2,0,0,0,0,0,2,0,"",NA,"",0,2,2,2022-05-25,"CBC Central_May2022","May2022","May2022"
"710",NA,"Viviana Bravo","",NA,"","CBC Central",NA,NA,25,5,"2022","","orbi","Orbicella spp.",3,0,0,0,2,1,0,0,"",NA,"",3,0,3,2022-05-25,"CBC Central_May2022","May2022","May2022"
"711",NA,"Viviana Bravo","",NA,"","CBC Central",NA,NA,25,5,"2022","","past","Porites astreoides",34,1,3,7,13,9,1,0,"",NA,"",32,1,33,2022-05-25,"CBC Central_May2022","May2022","May2022"
"712",NA,"Viviana Bravo","",NA,"","CBC Central",NA,NA,25,5,"2022","","ppor","Porites porites",8,1,0,2,4,1,0,0,"",NA,"",7,0,7,2022-05-25,"CBC Central_May2022","May2022","May2022"
"713",NA,"Viviana Bravo","",NA,"","CBC Central",NA,NA,25,5,"2022","","ssid","Siderastrea siderea",21,0,2,10,6,3,0,0,"",NA,"",21,0,21,2022-05-25,"CBC Central_May2022","May2022","May2022"
"714",NA,"Viviana Bravo","",NA,"","CBC Central",NA,NA,25,5,"2022","","sint","Stephanocoenia intersepta",7,0,1,2,1,3,0,0,"",NA,"",7,0,7,2022-05-25,"CBC Central_May2022","May2022","May2022"
"715",NA,"Sarah Gignoux-Wolfsohn","",NA,"","CBC Lagoon",NA,NA,20,5,"2022","","aaga","Agaricia agaricites",8,1,0,3,2,2,0,0,"",NA,"",7,0,7,2022-05-20,"CBC Lagoon_May2022","May2022","May2022"
"716",NA,"Sarah Gignoux-Wolfsohn","",NA,"","CBC Lagoon",NA,NA,20,5,"2022","","aten","Agaricia tenuifolia",32,0,1,6,12,9,2,2,"",NA,"",28,4,32,2022-05-20,"CBC Lagoon_May2022","May2022","May2022"
"717",NA,"Sarah Gignoux-Wolfsohn","",NA,"","CBC Lagoon",NA,NA,20,5,"2022","","mcav","Montastraea cavernosa",2,0,0,0,0,1,1,0,"",NA,"",1,1,2,2022-05-20,"CBC Lagoon_May2022","May2022","May2022"
"718",NA,"Sarah Gignoux-Wolfsohn","",NA,"","CBC Lagoon",NA,NA,20,5,"2022","","orbi","Orbicella spp.",4,1,0,0,1,1,0,1,"",NA,"",2,1,3,2022-05-20,"CBC Lagoon_May2022","May2022","May2022"
"719",NA,"Sarah Gignoux-Wolfsohn","",NA,"","CBC Lagoon",NA,NA,20,5,"2022","","past","Porites astreoides",9,2,0,5,0,2,0,0,"",NA,"",7,0,7,2022-05-20,"CBC Lagoon_May2022","May2022","May2022"
"720",NA,"Sarah Gignoux-Wolfsohn","",NA,"","CBC Lagoon",NA,NA,20,5,"2022","","ppor","Porites porites",6,0,0,4,1,1,0,0,"",NA,"",6,0,6,2022-05-20,"CBC Lagoon_May2022","May2022","May2022"
"721",NA,"Sarah Gignoux-Wolfsohn","",NA,"","CBC Lagoon",NA,NA,20,5,"2022","","ssid","Siderastrea siderea",6,0,0,0,2,4,0,0,"",NA,"",6,0,6,2022-05-20,"CBC Lagoon_May2022","May2022","May2022"
"722",NA,"Sarah Gignoux-Wolfsohn","",NA,"","CBC Lagoon",NA,NA,20,5,"2022","","sint","Stephanocoenia intersepta",1,0,0,0,0,1,0,0,"",NA,"",1,0,1,2022-05-20,"CBC Lagoon_May2022","May2022","May2022"
"723",NA,"Leah Harper","",NA,"","CBC Lagoon",NA,NA,19,5,"2022","","aaga","Agaricia agaricites",46,6,3,23,12,2,0,0,"",NA,"",40,0,40,2022-05-19,"CBC Lagoon_May2022","May2022","May2022"
"724",NA,"Leah Harper","",NA,"","CBC Lagoon",NA,NA,19,5,"2022","","aten","Agaricia tenuifolia",53,0,9,16,13,5,8,2,"",NA,"",43,10,53,2022-05-19,"CBC Lagoon_May2022","May2022","May2022"
"725",NA,"Leah Harper","",NA,"","CBC Lagoon",NA,NA,19,5,"2022","","dlab","Diploria labyrinthiformis",1,0,0,0,0,1,0,0,"",NA,"",1,0,1,2022-05-19,"CBC Lagoon_May2022","May2022","May2022"
"726",NA,"Leah Harper","",NA,"","CBC Lagoon",NA,NA,19,5,"2022","","efas","Eusmilia fastigiata",1,1,0,0,0,0,0,0,"",NA,"",0,0,0,2022-05-19,"CBC Lagoon_May2022","May2022","May2022"
"727",NA,"Leah Harper","",NA,"","CBC Lagoon",NA,NA,19,5,"2022","","mcav","Montastraea cavernosa",2,0,0,0,0,2,0,0,"",NA,"",2,0,2,2022-05-19,"CBC Lagoon_May2022","May2022","May2022"
"728",NA,"Leah Harper","",NA,"","CBC Lagoon",NA,NA,19,5,"2022","","past","Porites astreoides",43,12,0,10,20,1,0,0,"",NA,"",31,0,31,2022-05-19,"CBC Lagoon_May2022","May2022","May2022"
"729",NA,"Leah Harper","",NA,"","CBC Lagoon",NA,NA,19,5,"2022","","ppor","Porites porites",10,2,0,3,4,1,0,0,"",NA,"",8,0,8,2022-05-19,"CBC Lagoon_May2022","May2022","May2022"
"730",NA,"Leah Harper","",NA,"","CBC Lagoon",NA,NA,19,5,"2022","","ssid","Siderastrea siderea",12,0,0,4,6,2,0,0,"",NA,"",12,0,12,2022-05-19,"CBC Lagoon_May2022","May2022","May2022"
"731",NA,"Leah Harper","",NA,"","CBC Lagoon",NA,NA,19,5,"2022","","srad","Siderastrea radians",1,0,0,1,0,0,0,0,"",NA,"",1,0,1,2022-05-19,"CBC Lagoon_May2022","May2022","May2022"
"732",NA,"Leah Harper","",NA,"","CBC Lagoon",NA,NA,19,5,"2022","","sint","Stephanocoenia intersepta",2,0,1,0,0,1,0,0,"",NA,"",2,0,2,2022-05-19,"CBC Lagoon_May2022","May2022","May2022"
"733",NA,"Leah Harper","",NA,"","CBC Lagoon",NA,NA,19,5,"2022","","orbi","Orbicella spp.",2,0,1,0,1,0,0,0,"",NA,"",2,0,2,2022-05-19,"CBC Lagoon_May2022","May2022","May2022"
"734",NA,"Viviana Bravo","",NA,"","CBC Lagoon",NA,NA,19,5,"2022","","aaga","Agaricia agaricites",7,3,1,0,3,0,0,0,"",NA,"",4,0,4,2022-05-19,"CBC Lagoon_May2022","May2022","May2022"
"735",NA,"Viviana Bravo","",NA,"","CBC Lagoon",NA,NA,19,5,"2022","","aten","Agaricia tenuifolia",9,0,0,0,4,3,2,0,"",NA,"",7,2,9,2022-05-19,"CBC Lagoon_May2022","May2022","May2022"
"736",NA,"Viviana Bravo","",NA,"","CBC Lagoon",NA,NA,19,5,"2022","","dsto","Dichocoenia stokesii",1,0,0,0,0,1,0,0,"",NA,"",1,0,1,2022-05-19,"CBC Lagoon_May2022","May2022","May2022"
"737",NA,"Viviana Bravo","",NA,"","CBC Lagoon",NA,NA,19,5,"2022","","mcav","Montastraea cavernosa",1,0,0,0,1,0,0,0,"",NA,"",1,0,1,2022-05-19,"CBC Lagoon_May2022","May2022","May2022"
"738",NA,"Viviana Bravo","",NA,"","CBC Lagoon",NA,NA,19,5,"2022","","orbi","Orbicella spp.",3,0,0,0,1,2,0,0,"",NA,"",3,0,3,2022-05-19,"CBC Lagoon_May2022","May2022","May2022"
"739",NA,"Viviana Bravo","",NA,"","CBC Lagoon",NA,NA,19,5,"2022","","past","Porites astreoides",16,4,1,2,7,2,0,0,"",NA,"",12,0,12,2022-05-19,"CBC Lagoon_May2022","May2022","May2022"
"740",NA,"Viviana Bravo","",NA,"","CBC Lagoon",NA,NA,19,5,"2022","","ppor","Porites porites",2,0,0,1,1,0,0,0,"",NA,"",2,0,2,2022-05-19,"CBC Lagoon_May2022","May2022","May2022"
"741",NA,"Viviana Bravo","",NA,"","CBC Lagoon",NA,NA,19,5,"2022","","ssid","Siderastrea siderea",6,0,0,1,4,1,0,0,"",NA,"",6,0,6,2022-05-19,"CBC Lagoon_May2022","May2022","May2022"
"742",NA,"Viviana Bravo","",NA,"","CBC Lagoon",NA,NA,19,5,"2022","","srad","Siderastrea radians",6,0,0,2,2,2,0,0,"",NA,"",6,0,6,2022-05-19,"CBC Lagoon_May2022","May2022","May2022"
"743",NA,"Sarah Gignoux-Wolfsohn","",NA,"","House Reef",NA,NA,20,5,"2022","","aaga","Agaricia agaricites",12,2,2,5,3,0,0,0,"",NA,"",10,0,10,2022-05-20,"House Reef_May2022","May2022","May2022"
"744",NA,"Sarah Gignoux-Wolfsohn","",NA,"","House Reef",NA,NA,20,5,"2022","","aten","Agaricia tenuifolia",3,0,0,0,1,1,0,1,"",NA,"",2,1,3,2022-05-20,"House Reef_May2022","May2022","May2022"
"745",NA,"Sarah Gignoux-Wolfsohn","",NA,"","House Reef",NA,NA,20,5,"2022","","pstr","Pseudodiploria strigosa",3,0,0,0,1,0,1,1,"",NA,"",1,2,3,2022-05-20,"House Reef_May2022","May2022","May2022"
"746",NA,"Sarah Gignoux-Wolfsohn","",NA,"","House Reef",NA,NA,20,5,"2022","","orbi","Orbicella spp.",2,1,0,0,1,0,0,0,"",NA,"",1,0,1,2022-05-20,"House Reef_May2022","May2022","May2022"
"747",NA,"Sarah Gignoux-Wolfsohn","",NA,"","House Reef",NA,NA,20,5,"2022","","orbi","Orbicella spp.",5,0,0,1,2,0,1,1,"",NA,"",3,2,5,2022-05-20,"House Reef_May2022","May2022","May2022"
"748",NA,"Sarah Gignoux-Wolfsohn","",NA,"","House Reef",NA,NA,20,5,"2022","","past","Porites astreoides",4,2,0,0,1,0,1,0,"",NA,"",1,1,2,2022-05-20,"House Reef_May2022","May2022","May2022"
"749",NA,"Sarah Gignoux-Wolfsohn","",NA,"","House Reef",NA,NA,20,5,"2022","","ssid","Siderastrea siderea",4,0,0,1,0,3,0,0,"",NA,"",4,0,4,2022-05-20,"House Reef_May2022","May2022","May2022"
"750",NA,"Sarah Gignoux-Wolfsohn","",NA,"","House Reef",NA,NA,20,5,"2022","","ppor","Porites porites",1,0,1,0,0,0,0,0,"",NA,"",1,0,1,2022-05-20,"House Reef_May2022","May2022","May2022"
"751",NA,"Sarah Gignoux-Wolfsohn","",NA,"","House Reef",NA,NA,20,5,"2022","","sint","Stephanocoenia intersepta",7,0,0,2,4,1,0,0,"",NA,"",7,0,7,2022-05-20,"House Reef_May2022","May2022","May2022"
"752",NA,"Sarah Gignoux-Wolfsohn","",NA,"","House Reef",NA,NA,20,5,"2022","","isin","Isophyllia sinuosa",1,0,0,0,1,0,0,0,"",NA,"",1,0,1,2022-05-20,"House Reef_May2022","May2022","May2022"
"753",NA,"Viviana Bravo","",NA,"","House Reef",NA,NA,20,5,"2022","","aaga","Agaricia agaricites",11,4,0,3,3,1,0,0,"",NA,"",7,0,7,2022-05-20,"House Reef_May2022","May2022","May2022"
"754",NA,"Viviana Bravo","",NA,"","House Reef",NA,NA,20,5,"2022","","aten","Agaricia tenuifolia",4,0,0,1,0,1,2,0,"",NA,"",2,2,4,2022-05-20,"House Reef_May2022","May2022","May2022"
"755",NA,"Viviana Bravo","",NA,"","House Reef",NA,NA,20,5,"2022","","pstr","Pseudodiploria strigosa",4,0,0,0,0,2,2,0,"",NA,"",2,2,4,2022-05-20,"House Reef_May2022","May2022","May2022"
"756",NA,"Viviana Bravo","",NA,"","House Reef",NA,NA,20,5,"2022","","dlab","Diploria labyrinthiformis",2,0,0,0,0,2,0,0,"",NA,"",2,0,2,2022-05-20,"House Reef_May2022","May2022","May2022"
"757",NA,"Viviana Bravo","",NA,"","House Reef",NA,NA,20,5,"2022","","orbi","Orbicella spp.",9,0,1,0,6,2,0,0,"",NA,"",9,0,9,2022-05-20,"House Reef_May2022","May2022","May2022"
"758",NA,"Viviana Bravo","",NA,"","House Reef",NA,NA,20,5,"2022","","past","Porites astreoides",1,0,0,0,1,0,0,0,"",NA,"",1,0,1,2022-05-20,"House Reef_May2022","May2022","May2022"
"759",NA,"Viviana Bravo","",NA,"","House Reef",NA,NA,20,5,"2022","","ssid","Siderastrea siderea",4,0,0,1,0,1,1,1,"",NA,"",2,2,4,2022-05-20,"House Reef_May2022","May2022","May2022"
"760",NA,"Viviana Bravo","",NA,"","House Reef",NA,NA,20,5,"2022","","srad","Siderastrea radians",2,0,2,0,0,0,0,0,"",NA,"",2,0,2,2022-05-20,"House Reef_May2022","May2022","May2022"
"761",NA,"Leah Harper","",NA,"","CBC30N",NA,NA,22,5,"2022","","aaga","Agaricia agaricites",28,4,1,16,7,0,0,0,"",NA,"",24,0,24,2022-05-22,"CBC30N_May2022","May2022","May2022"
"762",NA,"Leah Harper","",NA,"","CBC30N",NA,NA,22,5,"2022","","aten","Agaricia tenuifolia",12,0,0,2,4,4,2,0,"",NA,"",10,2,12,2022-05-22,"CBC30N_May2022","May2022","May2022"
"763",NA,"Leah Harper","",NA,"","CBC30N",NA,NA,22,5,"2022","","pstr","Pseudodiploria strigosa",1,0,0,0,1,0,0,0,"",NA,"",1,0,1,2022-05-22,"CBC30N_May2022","May2022","May2022"
"764",NA,"Leah Harper","",NA,"","CBC30N",NA,NA,22,5,"2022","","mdec","Madracis decactis",3,0,0,1,1,1,0,0,"",NA,"",3,0,3,2022-05-22,"CBC30N_May2022","May2022","May2022"
"765",NA,"Leah Harper","",NA,"","CBC30N",NA,NA,22,5,"2022","","mcav","Montastraea cavernosa",1,0,0,0,1,0,0,0,"",NA,"",1,0,1,2022-05-22,"CBC30N_May2022","May2022","May2022"
"766",NA,"Leah Harper","",NA,"","CBC30N",NA,NA,22,5,"2022","","past","Porites astreoides",32,3,1,11,13,4,0,0,"",NA,"",29,0,29,2022-05-22,"CBC30N_May2022","May2022","May2022"
"767",NA,"Leah Harper","",NA,"","CBC30N",NA,NA,22,5,"2022","","ppor","Porites porites",6,1,1,1,2,1,0,0,"",NA,"",5,0,5,2022-05-22,"CBC30N_May2022","May2022","May2022"
"768",NA,"Leah Harper","",NA,"","CBC30N",NA,NA,22,5,"2022","","ssid","Siderastrea siderea",20,1,3,4,7,5,0,0,"",NA,"",19,0,19,2022-05-22,"CBC30N_May2022","May2022","May2022"
"769",NA,"Leah Harper","",NA,"","CBC30N",NA,NA,22,5,"2022","","sint","Stephanocoenia intersepta",3,0,0,1,1,1,0,0,"",NA,"",3,0,3,2022-05-22,"CBC30N_May2022","May2022","May2022"
"770",NA,"Viviana Bravo","",NA,"","CBC30N",NA,NA,22,5,"2022","","aaga","Agaricia agaricites",18,5,0,7,4,2,0,0,"",NA,"",13,0,13,2022-05-22,"CBC30N_May2022","May2022","May2022"
"771",NA,"Viviana Bravo","",NA,"","CBC30N",NA,NA,22,5,"2022","","aten","Agaricia tenuifolia",9,0,0,0,5,2,2,0,"",NA,"",7,2,9,2022-05-22,"CBC30N_May2022","May2022","May2022"
"772",NA,"Viviana Bravo","",NA,"","CBC30N",NA,NA,22,5,"2022","","pstr","Pseudodiploria strigosa",1,0,0,0,1,0,0,0,"",NA,"",1,0,1,2022-05-22,"CBC30N_May2022","May2022","May2022"
"773",NA,"Viviana Bravo","",NA,"","CBC30N",NA,NA,22,5,"2022","","mcav","Montastraea cavernosa",2,0,0,0,2,0,0,0,"",NA,"",2,0,2,2022-05-22,"CBC30N_May2022","May2022","May2022"
"774",NA,"Viviana Bravo","",NA,"","CBC30N",NA,NA,22,5,"2022","","past","Porites astreoides",37,2,0,13,18,4,0,0,"",NA,"",35,0,35,2022-05-22,"CBC30N_May2022","May2022","May2022"
"775",NA,"Viviana Bravo","",NA,"","CBC30N",NA,NA,22,5,"2022","","ppor","Porites porites",2,0,0,1,1,0,0,0,"",NA,"",2,0,2,2022-05-22,"CBC30N_May2022","May2022","May2022"
"776",NA,"Viviana Bravo","",NA,"","CBC30N",NA,NA,22,5,"2022","","ssid","Siderastrea siderea",6,0,0,2,1,3,0,0,"",NA,"",6,0,6,2022-05-22,"CBC30N_May2022","May2022","May2022"
"777",NA,"Viviana Bravo","",NA,"","CBC30N",NA,NA,22,5,"2022","","srad","Siderastrea radians",3,0,0,1,2,0,0,0,"",NA,"",3,0,3,2022-05-22,"CBC30N_May2022","May2022","May2022"
"778",NA,"Leah Harper","",NA,"","South Reef Central",NA,NA,24,5,"2022","","aaga","Agaricia agaricites",34,0,3,19,10,2,0,0,"",NA,"",34,0,34,2022-05-24,"South Reef Central_May2022","May2022","May2022"
"779",NA,"Leah Harper","",NA,"","South Reef Central",NA,NA,24,5,"2022","","aten","Agaricia tenuifolia",16,0,0,3,10,1,2,0,"",NA,"",14,2,16,2022-05-24,"South Reef Central_May2022","May2022","May2022"
"780",NA,"Leah Harper","",NA,"","South Reef Central",NA,NA,24,5,"2022","","pstr","Pseudodiploria strigosa",2,0,0,1,1,0,0,0,"",NA,"",2,0,2,2022-05-24,"South Reef Central_May2022","May2022","May2022"
"781",NA,"Leah Harper","",NA,"","South Reef Central",NA,NA,24,5,"2022","","efas","Eusmilia fastigiata",4,0,0,2,2,0,0,0,"",NA,"",4,0,4,2022-05-24,"South Reef Central_May2022","May2022","May2022"
"782",NA,"Leah Harper","",NA,"","South Reef Central",NA,NA,24,5,"2022","","mdec","Madracis decactis",5,0,0,0,5,0,0,0,"",NA,"",5,0,5,2022-05-24,"South Reef Central_May2022","May2022","May2022"
"783",NA,"Leah Harper","",NA,"","South Reef Central",NA,NA,24,5,"2022","","mcav","Montastraea cavernosa",1,0,0,1,0,0,0,0,"",NA,"",1,0,1,2022-05-24,"South Reef Central_May2022","May2022","May2022"
"784",NA,"Leah Harper","",NA,"","South Reef Central",NA,NA,24,5,"2022","","orbi","Orbicella spp.",2,0,0,1,0,0,1,0,"",NA,"",1,1,2,2022-05-24,"South Reef Central_May2022","May2022","May2022"
"785",NA,"Leah Harper","",NA,"","South Reef Central",NA,NA,24,5,"2022","","past","Porites astreoides",13,0,0,6,7,0,0,0,"",NA,"",13,0,13,2022-05-24,"South Reef Central_May2022","May2022","May2022"
"786",NA,"Leah Harper","",NA,"","South Reef Central",NA,NA,24,5,"2022","","ppor","Porites porites",8,0,0,2,6,0,0,0,"",NA,"",8,0,8,2022-05-24,"South Reef Central_May2022","May2022","May2022"
"787",NA,"Leah Harper","",NA,"","South Reef Central",NA,NA,24,5,"2022","","ssid","Siderastrea siderea",9,0,2,3,3,1,0,0,"",NA,"",9,0,9,2022-05-24,"South Reef Central_May2022","May2022","May2022"
"788",NA,"Leah Harper","",NA,"","South Reef Central",NA,NA,24,5,"2022","","sint","Stephanocoenia intersepta",1,0,0,0,1,0,0,0,"",NA,"",1,0,1,2022-05-24,"South Reef Central_May2022","May2022","May2022"
"789",NA,"Viviana Bravo","",NA,"","South Reef Central",NA,NA,24,5,"2022","","aaga","Agaricia agaricites",35,5,1,12,15,1,1,0,"",NA,"",29,1,30,2022-05-24,"South Reef Central_May2022","May2022","May2022"
"790",NA,"Viviana Bravo","",NA,"","South Reef Central",NA,NA,24,5,"2022","","aten","Agaricia tenuifolia",12,0,0,4,3,4,0,1,"",NA,"",11,1,12,2022-05-24,"South Reef Central_May2022","May2022","May2022"
"791",NA,"Viviana Bravo","",NA,"","South Reef Central",NA,NA,24,5,"2022","","efas","Eusmilia fastigiata",1,0,0,0,1,0,0,0,"",NA,"",1,0,1,2022-05-24,"South Reef Central_May2022","May2022","May2022"
"792",NA,"Viviana Bravo","",NA,"","South Reef Central",NA,NA,24,5,"2022","","mcav","Montastraea cavernosa",4,0,0,0,3,1,0,0,"",NA,"",4,0,4,2022-05-24,"South Reef Central_May2022","May2022","May2022"
"793",NA,"Viviana Bravo","",NA,"","South Reef Central",NA,NA,24,5,"2022","","orbi","Orbicella spp.",3,0,0,1,0,1,0,1,"",NA,"",2,1,3,2022-05-24,"South Reef Central_May2022","May2022","May2022"
"794",NA,"Viviana Bravo","",NA,"","South Reef Central",NA,NA,24,5,"2022","","past","Porites astreoides",43,7,1,15,16,4,0,0,"",NA,"",36,0,36,2022-05-24,"South Reef Central_May2022","May2022","May2022"
"795",NA,"Viviana Bravo","",NA,"","South Reef Central",NA,NA,24,5,"2022","","ppor","Porites porites",18,0,3,4,9,2,0,0,"",NA,"",18,0,18,2022-05-24,"South Reef Central_May2022","May2022","May2022"
"796",NA,"Viviana Bravo","",NA,"","South Reef Central",NA,NA,24,5,"2022","","ssid","Siderastrea siderea",23,0,3,4,10,6,0,0,"",NA,"",23,0,23,2022-05-24,"South Reef Central_May2022","May2022","May2022"
"797",NA,"Viviana Bravo","",NA,"","South Reef Central",NA,NA,24,5,"2022","","srad","Siderastrea radians",5,0,1,2,2,0,0,0,"",NA,"",5,0,5,2022-05-24,"South Reef Central_May2022","May2022","May2022"
"798",NA,"Leah Harper","",NA,"","Curlew Patch",NA,NA,23,5,"2022","","aaga","Agaricia agaricites",11,2,0,6,3,0,0,0,"",NA,"",9,0,9,2022-05-23,"Curlew Patch_May2022","May2022","May2022"
"799",NA,"Leah Harper","",NA,"","Curlew Patch",NA,NA,23,5,"2022","","aten","Agaricia tenuifolia",9,0,0,3,3,1,2,0,"",NA,"",7,2,9,2022-05-23,"Curlew Patch_May2022","May2022","May2022"
"800",NA,"Leah Harper","",NA,"","Curlew Patch",NA,NA,23,5,"2022","","dsto","Dichocoenia stokesii",1,0,0,0,1,0,0,0,"",NA,"",1,0,1,2022-05-23,"Curlew Patch_May2022","May2022","May2022"
"801",NA,"Leah Harper","",NA,"","Curlew Patch",NA,NA,23,5,"2022","","orbi","Orbicella spp.",1,0,0,0,0,0,0,1,"",NA,"",0,1,1,2022-05-23,"Curlew Patch_May2022","May2022","May2022"
"802",NA,"Leah Harper","",NA,"","Curlew Patch",NA,NA,23,5,"2022","","orbi","Orbicella spp.",1,0,0,0,0,1,0,0,"",NA,"",1,0,1,2022-05-23,"Curlew Patch_May2022","May2022","May2022"
"803",NA,"Leah Harper","",NA,"","Curlew Patch",NA,NA,23,5,"2022","","mcav","Montastraea cavernosa",2,0,0,1,0,0,1,0,"",NA,"",1,1,2,2022-05-23,"Curlew Patch_May2022","May2022","May2022"
"804",NA,"Leah Harper","",NA,"","Curlew Patch",NA,NA,23,5,"2022","","past","Porites astreoides",5,0,2,1,1,1,0,0,"",NA,"",5,0,5,2022-05-23,"Curlew Patch_May2022","May2022","May2022"
"805",NA,"Leah Harper","",NA,"","Curlew Patch",NA,NA,23,5,"2022","","ppor","Porites porites",6,0,1,3,2,0,0,0,"",NA,"",6,0,6,2022-05-23,"Curlew Patch_May2022","May2022","May2022"
"806",NA,"Leah Harper","",NA,"","Curlew Patch",NA,NA,23,5,"2022","","ssid","Siderastrea siderea",8,1,1,0,1,4,1,0,"",NA,"",6,1,7,2022-05-23,"Curlew Patch_May2022","May2022","May2022"
"807",NA,"Leah Harper","",NA,"","Curlew Patch",NA,NA,23,5,"2022","","sint","Stephanocoenia intersepta",2,0,0,0,1,1,0,0,"",NA,"",2,0,2,2022-05-23,"Curlew Patch_May2022","May2022","May2022"
"808",NA,"Viviana Bravo","",NA,"","Curlew Patch",NA,NA,23,5,"2022","","aaga","Agaricia agaricites",16,7,0,5,4,0,0,0,"",NA,"",9,0,9,2022-05-23,"Curlew Patch_May2022","May2022","May2022"
"809",NA,"Viviana Bravo","",NA,"","Curlew Patch",NA,NA,23,5,"2022","","aten","Agaricia tenuifolia",13,0,0,0,3,5,2,3,"",NA,"",8,5,13,2022-05-23,"Curlew Patch_May2022","May2022","May2022"
"810",NA,"Viviana Bravo","",NA,"","Curlew Patch",NA,NA,23,5,"2022","","mcav","Montastraea cavernosa",10,2,0,1,6,1,0,0,"",NA,"",8,0,8,2022-05-23,"Curlew Patch_May2022","May2022","May2022"
"811",NA,"Viviana Bravo","",NA,"","Curlew Patch",NA,NA,23,5,"2022","","orbi","Orbicella spp.",5,0,0,0,3,2,0,0,"",NA,"",5,0,5,2022-05-23,"Curlew Patch_May2022","May2022","May2022"
"812",NA,"Viviana Bravo","",NA,"","Curlew Patch",NA,NA,23,5,"2022","","past","Porites astreoides",15,7,2,4,1,1,0,0,"",NA,"",8,0,8,2022-05-23,"Curlew Patch_May2022","May2022","May2022"
"813",NA,"Viviana Bravo","",NA,"","Curlew Patch",NA,NA,23,5,"2022","","ppor","Porites porites",7,0,0,3,4,0,0,0,"",NA,"",7,0,7,2022-05-23,"Curlew Patch_May2022","May2022","May2022"
"814",NA,"Viviana Bravo","",NA,"","Curlew Patch",NA,NA,23,5,"2022","","ssid","Siderastrea siderea",17,0,0,6,3,7,1,0,"",NA,"",16,1,17,2022-05-23,"Curlew Patch_May2022","May2022","May2022"
"815",NA,"Viviana Bravo","",NA,"","Curlew Patch",NA,NA,23,5,"2022","","srad","Siderastrea radians",4,2,0,2,0,0,0,0,"",NA,"",2,0,2,2022-05-23,"Curlew Patch_May2022","May2022","May2022"
"816",NA,"Viviana Bravo","",NA,"","SR30N",NA,NA,24,5,"2022","","aaga","Agaricia agaricites",26,1,0,13,9,3,0,0,"",NA,"",25,0,25,2022-05-24,"SR30N_May2022","May2022","May2022"
"817",NA,"Viviana Bravo","",NA,"","SR30N",NA,NA,24,5,"2022","","aten","Agaricia tenuifolia",14,0,0,2,3,3,6,0,"",NA,"",8,6,14,2022-05-24,"SR30N_May2022","May2022","May2022"
"818",NA,"Viviana Bravo","",NA,"","SR30N",NA,NA,24,5,"2022","","dsto","Dichocoenia stokesii",2,0,0,1,1,0,0,0,"",NA,"",2,0,2,2022-05-24,"SR30N_May2022","May2022","May2022"
"819",NA,"Viviana Bravo","",NA,"","SR30N",NA,NA,24,5,"2022","","pcli","Pseudodiploria clivosa",1,0,0,0,0,1,0,0,"",NA,"",1,0,1,2022-05-24,"SR30N_May2022","May2022","May2022"
"820",NA,"Viviana Bravo","",NA,"","SR30N",NA,NA,24,5,"2022","","pstr","Pseudodiploria strigosa",1,0,0,0,1,0,0,0,"",NA,"",1,0,1,2022-05-24,"SR30N_May2022","May2022","May2022"
"821",NA,"Viviana Bravo","",NA,"","SR30N",NA,NA,24,5,"2022","","dlab","Pseudodiploria strigosa",6,0,1,2,1,1,1,0,"",NA,"",5,1,6,2022-05-24,"SR30N_May2022","May2022","May2022"
"822",NA,"Viviana Bravo","",NA,"","SR30N",NA,NA,24,5,"2022","","orbi","Orbicella spp.",6,0,0,0,2,3,1,0,"",NA,"",5,1,6,2022-05-24,"SR30N_May2022","May2022","May2022"
"823",NA,"Viviana Bravo","",NA,"","SR30N",NA,NA,24,5,"2022","","mcav","Montastraea cavernosa",3,0,0,0,2,1,0,0,"",NA,"",3,0,3,2022-05-24,"SR30N_May2022","May2022","May2022"
"824",NA,"Viviana Bravo","",NA,"","SR30N",NA,NA,24,5,"2022","","past","Porites astreoides",21,0,0,13,5,3,0,0,"",NA,"",21,0,21,2022-05-24,"SR30N_May2022","May2022","May2022"
"825",NA,"Viviana Bravo","",NA,"","SR30N",NA,NA,24,5,"2022","","ppor","Porites porites",10,0,0,4,4,2,0,0,"",NA,"",10,0,10,2022-05-24,"SR30N_May2022","May2022","May2022"
"826",NA,"Viviana Bravo","",NA,"","SR30N",NA,NA,24,5,"2022","","ssid","Siderastrea siderea",16,1,2,1,4,7,1,0,"",NA,"",14,1,15,2022-05-24,"SR30N_May2022","May2022","May2022"
"827",NA,"Viviana Bravo","",NA,"","SR30N",NA,NA,24,5,"2022","","irig","Isophyllia rigida",1,0,0,0,1,0,0,0,"",NA,"",1,0,1,2022-05-24,"SR30N_May2022","May2022","May2022"
"828",NA,"Leah Harper added in QA","",NA,"","SR30N",NA,NA,24,5,"2022","","cnat","Colpophyllia natans",1,0,0,0,0,0,0,1,"",NA,"",0,1,1,2022-05-24,"SR30N_May2022","May2022","May2022"
"829",NA,"SS","",NA,"","Curlew Patch",NA,NA,2,12,"2022","","aaga","Agaricia agaricites",14,1,0,7,5,1,0,0,"",NA,"",13,0,13,2022-12-02,"Curlew Patch_Dec2022","Dec2022","Dec2022"
"830",NA,"SS","",NA,"","Curlew Patch",NA,NA,2,12,"2022","","aten","Agaricia tenuifolia",37,0,1,12,13,7,3,1,"",NA,"",33,4,37,2022-12-02,"Curlew Patch_Dec2022","Dec2022","Dec2022"
"831",NA,"SS","",NA,"","Curlew Patch",NA,NA,2,12,"2022","","dlab","Diploria labyrinthiformis",1,0,0,0,0,0,1,0,"",NA,"",0,1,1,2022-12-02,"Curlew Patch_Dec2022","Dec2022","Dec2022"
"832",NA,"SS","",NA,"","Curlew Patch",NA,NA,2,12,"2022","","mcav","Montastraea cavernosa",3,0,0,1,0,1,1,0,"",NA,"",2,1,3,2022-12-02,"Curlew Patch_Dec2022","Dec2022","Dec2022"
"833",NA,"SS","",NA,"","Curlew Patch",NA,NA,2,12,"2022","","orbi","Orbicella spp.",3,0,0,0,2,1,0,0,"",NA,"",3,0,3,2022-12-02,"Curlew Patch_Dec2022","Dec2022","Dec2022"
"834",NA,"SS","",NA,"","Curlew Patch",NA,NA,2,12,"2022","","past","Porites astreoides",13,0,0,8,5,0,0,0,"",NA,"",13,0,13,2022-12-02,"Curlew Patch_Dec2022","Dec2022","Dec2022"
"835",NA,"SS","",NA,"","Curlew Patch",NA,NA,2,12,"2022","","ppor","Porites porites",16,0,0,7,7,2,0,0,"",NA,"",16,0,16,2022-12-02,"Curlew Patch_Dec2022","Dec2022","Dec2022"
"836",NA,"SS","",NA,"","Curlew Patch",NA,NA,2,12,"2022","","ssid","Siderastrea siderea",11,0,0,2,1,5,3,0,"",NA,"",8,3,11,2022-12-02,"Curlew Patch_Dec2022","Dec2022","Dec2022"
"837",NA,"SS","",NA,"","CBC30N",NA,NA,4,12,"2022","","aaga","Agaricia agaricites",33,0,1,16,12,4,0,0,"",NA,"",33,0,33,2022-12-04,"CBC30N_Dec2022","Dec2022","Dec2022"
"838",NA,"SS","",NA,"","CBC30N",NA,NA,4,12,"2022","","aten","Agaricia tenuifolia",16,0,0,0,6,8,1,1,"",NA,"",14,2,16,2022-12-04,"CBC30N_Dec2022","Dec2022","Dec2022"
"839",NA,"SS","",NA,"","CBC30N",NA,NA,4,12,"2022","","mcav","Montastraea cavernosa",2,0,0,0,2,0,0,0,"",NA,"",2,0,2,2022-12-04,"CBC30N_Dec2022","Dec2022","Dec2022"
"840",NA,"SS","",NA,"","CBC30N",NA,NA,4,12,"2022","","orbi","Orbicella spp.",1,0,0,0,0,0,1,0,"",NA,"",0,1,1,2022-12-04,"CBC30N_Dec2022","Dec2022","Dec2022"
"841",NA,"SS","",NA,"","CBC30N",NA,NA,4,12,"2022","","orbi","Orbicella spp.",1,0,0,0,0,1,0,0,"",NA,"",1,0,1,2022-12-04,"CBC30N_Dec2022","Dec2022","Dec2022"
"842",NA,"SS","",NA,"","CBC30N",NA,NA,4,12,"2022","","orbi","Orbicella spp.",5,0,0,1,2,0,2,0,"",NA,"",3,2,5,2022-12-04,"CBC30N_Dec2022","Dec2022","Dec2022"
"843",NA,"SS","",NA,"","CBC30N",NA,NA,4,12,"2022","","past","Porites astreoides",57,0,3,9,30,14,1,0,"",NA,"",56,1,57,2022-12-04,"CBC30N_Dec2022","Dec2022","Dec2022"
"844",NA,"SS","",NA,"","CBC30N",NA,NA,4,12,"2022","","ppor","Porites porites",12,0,2,3,4,3,0,0,"",NA,"",12,0,12,2022-12-04,"CBC30N_Dec2022","Dec2022","Dec2022"
"845",NA,"SS","",NA,"","CBC30N",NA,NA,4,12,"2022","","ssid","Siderastrea siderea",34,1,10,2,9,9,3,0,"",NA,"",30,3,33,2022-12-04,"CBC30N_Dec2022","Dec2022","Dec2022"
"846",NA,"SS","",NA,"","CBC30N",NA,NA,4,12,"2022","","srad","Siderastrea radians",5,0,0,0,3,2,0,0,"",NA,"",5,0,5,2022-12-04,"CBC30N_Dec2022","Dec2022","Dec2022"
"847",NA,"SS","",NA,"","CBC30N",NA,NA,4,12,"2022","","sint","Stephanocoenia intersepta",5,0,2,2,0,1,0,0,"",NA,"",5,0,5,2022-12-04,"CBC30N_Dec2022","Dec2022","Dec2022"
"848",NA,"SS","",NA,"","SR30N",NA,NA,5,12,"2022","","aaga","Agaricia agaricites",32,0,0,25,7,0,0,0,"",NA,"",32,0,32,2022-12-05,"SR30N_Dec2022","Dec2022","Dec2022"
"849",NA,"SS","",NA,"","SR30N",NA,NA,5,12,"2022","","aten","Agaricia tenuifolia",24,0,1,14,5,3,0,1,"",NA,"",23,1,24,2022-12-05,"SR30N_Dec2022","Dec2022","Dec2022"
"850",NA,"SS","",NA,"","SR30N",NA,NA,5,12,"2022","","dsto","Dichocoenia stokesii",1,0,0,1,0,0,0,0,"",NA,"",1,0,1,2022-12-05,"SR30N_Dec2022","Dec2022","Dec2022"
"851",NA,"SS","",NA,"","SR30N",NA,NA,5,12,"2022","","mcav","Montastraea cavernosa",1,0,0,1,0,0,0,0,"",NA,"",1,0,1,2022-12-05,"SR30N_Dec2022","Dec2022","Dec2022"
"852",NA,"SS","",NA,"","SR30N",NA,NA,5,12,"2022","","orbi","Orbicella spp.",1,0,0,0,0,1,0,0,"",NA,"",1,0,1,2022-12-05,"SR30N_Dec2022","Dec2022","Dec2022"
"853",NA,"SS","",NA,"","SR30N",NA,NA,5,12,"2022","","orbi","Orbicella spp.",9,0,0,4,3,1,1,0,"",NA,"",8,1,9,2022-12-05,"SR30N_Dec2022","Dec2022","Dec2022"
"854",NA,"SS","",NA,"","SR30N",NA,NA,5,12,"2022","","past","Porites astreoides",22,2,1,7,9,3,0,0,"",NA,"",20,0,20,2022-12-05,"SR30N_Dec2022","Dec2022","Dec2022"
"855",NA,"SS","",NA,"","SR30N",NA,NA,5,12,"2022","","ppor","Porites porites",33,1,8,19,4,1,0,0,"",NA,"",32,0,32,2022-12-05,"SR30N_Dec2022","Dec2022","Dec2022"
"856",NA,"SS","",NA,"","SR30N",NA,NA,5,12,"2022","","ssid","Siderastrea siderea",15,1,3,6,2,1,2,0,"",NA,"",12,2,14,2022-12-05,"SR30N_Dec2022","Dec2022","Dec2022"
"857",NA,"SS","",NA,"","SR30N",NA,NA,5,12,"2022","","sint","Stephanocoenia intersepta",1,0,0,1,0,0,0,0,"",NA,"",1,0,1,2022-12-05,"SR30N_Dec2022","Dec2022","Dec2022"
"858",NA,"SS","",NA,"","SR30N",NA,NA,5,12,"2022","","pcli","Pseudodiploria clivosa",1,0,0,1,0,0,0,0,"",NA,"",1,0,1,2022-12-05,"SR30N_Dec2022","Dec2022","Dec2022"
"859",NA,"SS","",NA,"","SR30N",NA,NA,5,12,"2022","","pstr","Pseudodiploria strigosa",3,0,0,3,0,0,0,0,"",NA,"",3,0,3,2022-12-05,"SR30N_Dec2022","Dec2022","Dec2022"
"860",NA,"SS","",NA,"","South Reef Central",NA,NA,5,12,"2022","","aaga","Agaricia agaricites",47,0,7,18,17,5,0,0,"",NA,"",47,0,47,2022-12-05,"South Reef Central_Dec2022","Dec2022","Dec2022"
"861",NA,"SS","",NA,"","South Reef Central",NA,NA,5,12,"2022","","aten","Agaricia tenuifolia",12,0,0,1,8,1,1,1,"",NA,"",10,2,12,2022-12-05,"South Reef Central_Dec2022","Dec2022","Dec2022"
"862",NA,"SS","",NA,"","South Reef Central",NA,NA,5,12,"2022","","orbi","Orbicella spp.",4,1,0,1,2,0,0,0,"",NA,"",3,0,3,2022-12-05,"South Reef Central_Dec2022","Dec2022","Dec2022"
"863",NA,"SS","",NA,"","South Reef Central",NA,NA,5,12,"2022","","past","Porites astreoides",42,3,2,14,20,3,0,0,"",NA,"",39,0,39,2022-12-05,"South Reef Central_Dec2022","Dec2022","Dec2022"
"864",NA,"SS","",NA,"","South Reef Central",NA,NA,5,12,"2022","","ppor","Porites porites",31,0,7,14,8,2,0,0,"",NA,"",31,0,31,2022-12-05,"South Reef Central_Dec2022","Dec2022","Dec2022"
"865",NA,"SS","",NA,"","South Reef Central",NA,NA,5,12,"2022","","ssid","Siderastrea siderea",18,0,4,6,5,2,0,1,"",NA,"",17,1,18,2022-12-05,"South Reef Central_Dec2022","Dec2022","Dec2022"
"866",NA,"SGW","",NA,"","CBC Lagoon",NA,NA,1,12,"2022","","aaga","Agaricia agaricites",25,1,2,9,11,2,0,0,"",NA,"",24,0,24,2022-12-01,"CBC Lagoon_Dec2022","Dec2022","Dec2022"
"867",NA,"SGW","",NA,"","CBC Lagoon",NA,NA,1,12,"2022","","aten","Agaricia tenuifolia",117,3,1,23,34,30,20,6,"",NA,"",88,26,114,2022-12-01,"CBC Lagoon_Dec2022","Dec2022","Dec2022"
"868",NA,"SGW","",NA,"","CBC Lagoon",NA,NA,1,12,"2022","","hcuc","Helioseris cucullata",2,0,0,0,1,1,0,0,"",NA,"",2,0,2,2022-12-01,"CBC Lagoon_Dec2022","Dec2022","Dec2022"
"869",NA,"SGW","",NA,"","CBC Lagoon",NA,NA,1,12,"2022","","mcav","Montastraea cavernosa",2,0,0,0,1,1,0,0,"",NA,"",2,0,2,2022-12-01,"CBC Lagoon_Dec2022","Dec2022","Dec2022"
"870",NA,"SGW","",NA,"","CBC Lagoon",NA,NA,1,12,"2022","","orbi","Orbicella spp.",6,0,0,0,2,4,0,0,"",NA,"",6,0,6,2022-12-01,"CBC Lagoon_Dec2022","Dec2022","Dec2022"
"871",NA,"SGW","",NA,"","CBC Lagoon",NA,NA,1,12,"2022","","past","Porites astreoides",49,0,0,20,26,3,0,0,"",NA,"",49,0,49,2022-12-01,"CBC Lagoon_Dec2022","Dec2022","Dec2022"
"872",NA,"SGW","",NA,"","CBC Lagoon",NA,NA,1,12,"2022","","ppor","Porites porites",16,1,2,2,5,6,0,0,"",NA,"",15,0,15,2022-12-01,"CBC Lagoon_Dec2022","Dec2022","Dec2022"
"873",NA,"SGW","",NA,"","CBC Lagoon",NA,NA,1,12,"2022","","ssid","Siderastrea siderea",12,0,0,0,5,5,2,0,"",NA,"",10,2,12,2022-12-01,"CBC Lagoon_Dec2022","Dec2022","Dec2022"
"874",NA,"SGW","",NA,"","CBC Lagoon",NA,NA,1,12,"2022","","sint","Stephanocoenia intersepta",1,1,0,0,0,0,0,0,"",NA,"",0,0,0,2022-12-01,"CBC Lagoon_Dec2022","Dec2022","Dec2022"
"875",NA,"SGW","",NA,"","CBC Lagoon",NA,NA,1,12,"2022","","pstr","Pseudodiploria strigosa",2,0,0,0,2,0,0,0,"",NA,"",2,0,2,2022-12-01,"CBC Lagoon_Dec2022","Dec2022","Dec2022"
"876",NA,"SGW","",NA,"","Curlew Patch",NA,NA,2,12,"2022","","aaga","Agaricia agaricites",36,4,2,17,11,2,0,0,"",NA,"",32,0,32,2022-12-02,"Curlew Patch_Dec2022","Dec2022","Dec2022"
"877",NA,"SGW","",NA,"","Curlew Patch",NA,NA,2,12,"2022","","aten","Agaricia tenuifolia",29,0,1,9,10,7,2,0,"",NA,"",27,2,29,2022-12-02,"Curlew Patch_Dec2022","Dec2022","Dec2022"
"878",NA,"SGW","",NA,"","Curlew Patch",NA,NA,2,12,"2022","","orbi","Orbicella spp.",4,0,0,0,2,1,1,0,"",NA,"",3,1,4,2022-12-02,"Curlew Patch_Dec2022","Dec2022","Dec2022"
"879",NA,"SGW","",NA,"","Curlew Patch",NA,NA,2,12,"2022","","orbi","Orbicella spp.",1,0,0,0,0,1,0,0,"",NA,"",1,0,1,2022-12-02,"Curlew Patch_Dec2022","Dec2022","Dec2022"
"880",NA,"SGW","",NA,"","Curlew Patch",NA,NA,2,12,"2022","","past","Porites astreoides",23,1,1,16,4,1,0,0,"",NA,"",22,0,22,2022-12-02,"Curlew Patch_Dec2022","Dec2022","Dec2022"
"881",NA,"SGW","",NA,"","Curlew Patch",NA,NA,2,12,"2022","","ppor","Porites porites",23,0,4,14,5,0,0,0,"",NA,"",23,0,23,2022-12-02,"Curlew Patch_Dec2022","Dec2022","Dec2022"
"882",NA,"SGW","",NA,"","Curlew Patch",NA,NA,2,12,"2022","","ssid","Siderastrea siderea",17,1,0,0,7,7,2,0,"",NA,"",14,2,16,2022-12-02,"Curlew Patch_Dec2022","Dec2022","Dec2022"
"883",NA,"SGW","",NA,"","SR30N",NA,NA,5,12,"2022","","aaga","Agaricia agaricites",31,0,0,11,14,5,1,0,"",NA,"",30,1,31,2022-12-05,"SR30N_Dec2022","Dec2022","Dec2022"
"884",NA,"SGW","",NA,"","SR30N",NA,NA,5,12,"2022","","aten","Agaricia tenuifolia",7,0,0,0,1,4,2,0,"",NA,"",5,2,7,2022-12-05,"SR30N_Dec2022","Dec2022","Dec2022"
"885",NA,"SGW","",NA,"","SR30N",NA,NA,5,12,"2022","","mdec","Madracis decactis",1,0,0,0,1,0,0,0,"",NA,"",1,0,1,2022-12-05,"SR30N_Dec2022","Dec2022","Dec2022"
"886",NA,"SGW","",NA,"","SR30N",NA,NA,5,12,"2022","","mcav","Montastraea cavernosa",1,0,0,0,0,1,0,0,"",NA,"",1,0,1,2022-12-05,"SR30N_Dec2022","Dec2022","Dec2022"
"887",NA,"SGW","",NA,"","SR30N",NA,NA,5,12,"2022","","orbi","Orbicella spp.",1,0,0,0,0,0,1,0,"",NA,"",0,1,1,2022-12-05,"SR30N_Dec2022","Dec2022","Dec2022"
"888",NA,"SGW","",NA,"","SR30N",NA,NA,5,12,"2022","","past","Porites astreoides",17,0,0,4,8,5,0,0,"",NA,"",17,0,17,2022-12-05,"SR30N_Dec2022","Dec2022","Dec2022"
"889",NA,"SGW","",NA,"","SR30N",NA,NA,5,12,"2022","","ppor","Porites porites",11,0,0,5,5,1,0,0,"",NA,"",11,0,11,2022-12-05,"SR30N_Dec2022","Dec2022","Dec2022"
"890",NA,"SGW","",NA,"","SR30N",NA,NA,5,12,"2022","","ssid","Siderastrea siderea",6,1,1,2,0,2,0,0,"",NA,"",5,0,5,2022-12-05,"SR30N_Dec2022","Dec2022","Dec2022"
"891",NA,"SGW","",NA,"","SR30N",NA,NA,5,12,"2022","","irig","Isophyllia rigida",1,0,0,1,0,0,0,0,"",NA,"",1,0,1,2022-12-05,"SR30N_Dec2022","Dec2022","Dec2022"
"892",NA,"SGW","",NA,"","SR30N",NA,NA,5,12,"2022","","pstr","Pseudodiploria strigosa",3,0,0,0,0,2,1,0,"",NA,"",2,1,3,2022-12-05,"SR30N_Dec2022","Dec2022","Dec2022"
"893",NA,"SGW","",NA,"","SR30N",NA,NA,5,12,"2022","","cnat","Colpophyllia natans",1,0,0,0,0,0,0,1,"",NA,"",0,1,1,2022-12-05,"SR30N_Dec2022","Dec2022","Dec2022"
"894",NA,"LH","",NA,"","South Reef Central",NA,NA,12,12,"2022","","aaga","Agaricia agaricites",29,1,0,16,9,3,0,0,"",NA,"",28,0,28,2022-12-12,"South Reef Central_Dec2022","Dec2022","Dec2022"
"895",NA,"LH","",NA,"","South Reef Central",NA,NA,12,12,"2022","","aten","Agaricia tenuifolia",31,0,2,14,8,5,2,0,"",NA,"",29,2,31,2022-12-12,"South Reef Central_Dec2022","Dec2022","Dec2022"
"896",NA,"LH","",NA,"","South Reef Central",NA,NA,12,12,"2022","","hcuc","Helioseris cucullata",2,0,0,2,0,0,0,0,"",NA,"",2,0,2,2022-12-12,"South Reef Central_Dec2022","Dec2022","Dec2022"
"897",NA,"LH","",NA,"","South Reef Central",NA,NA,12,12,"2022","","mdec","Madracis decactis",2,0,1,1,0,0,0,0,"",NA,"",2,0,2,2022-12-12,"South Reef Central_Dec2022","Dec2022","Dec2022"
"898",NA,"LH","",NA,"","South Reef Central",NA,NA,12,12,"2022","","mcav","Montastraea cavernosa",6,0,0,2,4,0,0,0,"",NA,"",6,0,6,2022-12-12,"South Reef Central_Dec2022","Dec2022","Dec2022"
"899",NA,"LH","",NA,"","South Reef Central",NA,NA,12,12,"2022","","orbi","Orbicella spp.",1,0,0,1,0,0,0,0,"",NA,"",1,0,1,2022-12-12,"South Reef Central_Dec2022","Dec2022","Dec2022"
"900",NA,"LH","",NA,"","South Reef Central",NA,NA,12,12,"2022","","past","Porites astreoides",36,3,1,16,13,3,0,0,"",NA,"",33,0,33,2022-12-12,"South Reef Central_Dec2022","Dec2022","Dec2022"
"901",NA,"LH","",NA,"","South Reef Central",NA,NA,12,12,"2022","","ppor","Porites porites",16,1,1,10,2,2,0,0,"",NA,"",15,0,15,2022-12-12,"South Reef Central_Dec2022","Dec2022","Dec2022"
"902",NA,"LH","",NA,"","South Reef Central",NA,NA,12,12,"2022","","ssid","Siderastrea siderea",14,3,4,1,5,1,0,0,"",NA,"",11,0,11,2022-12-12,"South Reef Central_Dec2022","Dec2022","Dec2022"
"903",NA,"LH","",NA,"","South Reef Central",NA,NA,12,12,"2022","","sint","Stephanocoenia intersepta",3,0,0,0,3,0,0,0,"",NA,"",3,0,3,2022-12-12,"South Reef Central_Dec2022","Dec2022","Dec2022"
"904",NA,"LH","",NA,"","South Reef Central",NA,NA,12,12,"2022","","pstr","Pseudodiploria strigosa",1,0,0,0,0,1,0,0,"",NA,"",1,0,1,2022-12-12,"South Reef Central_Dec2022","Dec2022","Dec2022"
"905",NA,"LH","",NA,"","South Reef Central",NA,NA,12,12,"2022","","scub","Scolymia cubensis",1,1,0,0,0,0,0,0,"",NA,"",0,0,0,2022-12-12,"South Reef Central_Dec2022","Dec2022","Dec2022"
"906",NA,"SJ","",NA,"","House Reef",NA,NA,9,12,"2022","","aaga","Agaricia agaricites",34,7,0,13,12,2,0,0,"",NA,"",27,0,27,2022-12-09,"House Reef_Dec2022","Dec2022","Dec2022"
"907",NA,"SJ","",NA,"","House Reef",NA,NA,9,12,"2022","","aten","Agaricia tenuifolia",17,0,4,2,6,3,2,0,"",NA,"",15,2,17,2022-12-09,"House Reef_Dec2022","Dec2022","Dec2022"
"908",NA,"SJ","",NA,"","House Reef",NA,NA,9,12,"2022","","orbi","Orbicella spp.",13,0,0,2,7,4,0,0,"",NA,"",13,0,13,2022-12-09,"House Reef_Dec2022","Dec2022","Dec2022"
"909",NA,"SJ","",NA,"","House Reef",NA,NA,9,12,"2022","","past","Porites astreoides",11,7,0,3,1,0,0,0,"",NA,"",4,0,4,2022-12-09,"House Reef_Dec2022","Dec2022","Dec2022"
"910",NA,"SJ","",NA,"","House Reef",NA,NA,9,12,"2022","","ppor","Porites porites",3,0,1,1,0,0,1,0,"",NA,"",2,1,3,2022-12-09,"House Reef_Dec2022","Dec2022","Dec2022"
"911",NA,"SJ","",NA,"","House Reef",NA,NA,9,12,"2022","","ssid","Siderastrea siderea",4,1,1,0,0,2,0,0,"",NA,"",3,0,3,2022-12-09,"House Reef_Dec2022","Dec2022","Dec2022"
"912",NA,"SJ","",NA,"","House Reef",NA,NA,9,12,"2022","","srad","Siderastrea radians",46,24,0,21,1,0,0,0,"",NA,"",22,0,22,2022-12-09,"House Reef_Dec2022","Dec2022","Dec2022"
"913",NA,"SJ","",NA,"","House Reef",NA,NA,9,12,"2022","","sint","Stephanocoenia intersepta",1,0,0,0,0,1,0,0,"",NA,"",1,0,1,2022-12-09,"House Reef_Dec2022","Dec2022","Dec2022"
"914",NA,"SJ","",NA,"","House Reef",NA,NA,9,12,"2022","","pstr","Pseudodiploria strigosa",5,0,0,0,4,1,0,0,"",NA,"",5,0,5,2022-12-09,"House Reef_Dec2022","Dec2022","Dec2022"
"915",NA,"LH","",NA,"","House Reef",NA,NA,9,12,"2022","","aaga","Agaricia agaricites",92,5,0,42,37,7,1,0,"",NA,"",86,1,87,2022-12-09,"House Reef_Dec2022","Dec2022","Dec2022"
"916",NA,"LH","",NA,"","House Reef",NA,NA,9,12,"2022","","aten","Agaricia tenuifolia",19,0,2,9,4,4,0,0,"",NA,"",19,0,19,2022-12-09,"House Reef_Dec2022","Dec2022","Dec2022"
"917",NA,"LH","",NA,"","House Reef",NA,NA,9,12,"2022","","mcav","Montastraea cavernosa",1,0,0,0,0,1,0,0,"",NA,"",1,0,1,2022-12-09,"House Reef_Dec2022","Dec2022","Dec2022"
"918",NA,"LH","",NA,"","House Reef",NA,NA,9,12,"2022","","orbi","Orbicella spp.",10,0,0,3,3,4,0,0,"",NA,"",10,0,10,2022-12-09,"House Reef_Dec2022","Dec2022","Dec2022"
"919",NA,"LH","",NA,"","House Reef",NA,NA,9,12,"2022","","past","Porites astreoides",19,5,0,8,4,2,0,0,"",NA,"",14,0,14,2022-12-09,"House Reef_Dec2022","Dec2022","Dec2022"
"920",NA,"LH","",NA,"","House Reef",NA,NA,9,12,"2022","","ppor","Porites porites",8,0,1,4,2,1,0,0,"",NA,"",8,0,8,2022-12-09,"House Reef_Dec2022","Dec2022","Dec2022"
"921",NA,"LH","",NA,"","House Reef",NA,NA,9,12,"2022","","ssid","Siderastrea siderea",25,2,0,9,3,7,3,1,"",NA,"",19,4,23,2022-12-09,"House Reef_Dec2022","Dec2022","Dec2022"
"922",NA,"LH","",NA,"","House Reef",NA,NA,9,12,"2022","","srad","Siderastrea radians",64,18,6,33,7,0,0,0,"",NA,"",46,0,46,2022-12-09,"House Reef_Dec2022","Dec2022","Dec2022"
"923",NA,"LH","",NA,"","House Reef",NA,NA,9,12,"2022","","sint","Stephanocoenia intersepta",3,0,0,0,0,3,0,0,"",NA,"",3,0,3,2022-12-09,"House Reef_Dec2022","Dec2022","Dec2022"
"924",NA,"LH","",NA,"","CBC Central",NA,NA,7,12,"2022","","aaga","Agaricia agaricites",74,4,2,37,23,8,0,0,"",NA,"",70,0,70,2022-12-07,"CBC Central_Dec2022","Dec2022","Dec2022"
"925",NA,"LH","",NA,"","CBC Central",NA,NA,7,12,"2022","","aten","Agaricia tenuifolia",17,0,0,2,8,5,2,0,"",NA,"",15,2,17,2022-12-07,"CBC Central_Dec2022","Dec2022","Dec2022"
"926",NA,"LH","",NA,"","CBC Central",NA,NA,7,12,"2022","","mdec","Madracis decactis",1,0,0,1,0,0,0,0,"",NA,"",1,0,1,2022-12-07,"CBC Central_Dec2022","Dec2022","Dec2022"
"927",NA,"LH","",NA,"","CBC Central",NA,NA,7,12,"2022","","orbi","Orbicella spp.",1,0,0,0,0,1,0,0,"",NA,"",1,0,1,2022-12-07,"CBC Central_Dec2022","Dec2022","Dec2022"
"928",NA,"LH","",NA,"","CBC Central",NA,NA,7,12,"2022","","past","Porites astreoides",48,3,2,14,21,7,1,0,"",NA,"",44,1,45,2022-12-07,"CBC Central_Dec2022","Dec2022","Dec2022"
"929",NA,"LH","",NA,"","CBC Central",NA,NA,7,12,"2022","","ppor","Porites porites",27,0,1,5,12,9,0,0,"",NA,"",27,0,27,2022-12-07,"CBC Central_Dec2022","Dec2022","Dec2022"
"930",NA,"LH","",NA,"","CBC Central",NA,NA,7,12,"2022","","ssid","Siderastrea siderea",43,9,2,14,12,6,0,0,"",NA,"",34,0,34,2022-12-07,"CBC Central_Dec2022","Dec2022","Dec2022"
"931",NA,"LH","",NA,"","CBC Central",NA,NA,7,12,"2022","","srad","Siderastrea radians",3,1,0,2,0,0,0,0,"",NA,"",2,0,2,2022-12-07,"CBC Central_Dec2022","Dec2022","Dec2022"
"932",NA,"LH","",NA,"","CBC Central",NA,NA,7,12,"2022","","sint","Stephanocoenia intersepta",1,0,0,0,0,1,0,0,"",NA,"",1,0,1,2022-12-07,"CBC Central_Dec2022","Dec2022","Dec2022"
"933",NA,"SJ","",NA,"","CBC Central",NA,NA,7,12,"2022","","aaga","Agaricia agaricites",65,9,6,34,15,1,0,0,"",NA,"",56,0,56,2022-12-07,"CBC Central_Dec2022","Dec2022","Dec2022"
"934",NA,"SJ","",NA,"","CBC Central",NA,NA,7,12,"2022","","aten","Agaricia tenuifolia",53,0,4,28,14,7,0,0,"",NA,"",53,0,53,2022-12-07,"CBC Central_Dec2022","Dec2022","Dec2022"
"935",NA,"SJ","",NA,"","CBC Central",NA,NA,7,12,"2022","","hcuc","Helioseris cucullata",1,0,0,1,0,0,0,0,"",NA,"",1,0,1,2022-12-07,"CBC Central_Dec2022","Dec2022","Dec2022"
"936",NA,"SJ","",NA,"","CBC Central",NA,NA,7,12,"2022","","mdec","Madracis decactis",2,0,0,1,1,0,0,0,"",NA,"",2,0,2,2022-12-07,"CBC Central_Dec2022","Dec2022","Dec2022"
"937",NA,"SJ","",NA,"","CBC Central",NA,NA,7,12,"2022","","mcav","Montastraea cavernosa",1,0,0,1,0,0,0,0,"",NA,"",1,0,1,2022-12-07,"CBC Central_Dec2022","Dec2022","Dec2022"
"938",NA,"SJ","",NA,"","CBC Central",NA,NA,7,12,"2022","","orbi","Orbicella spp.",1,0,0,1,0,0,0,0,"",NA,"",1,0,1,2022-12-07,"CBC Central_Dec2022","Dec2022","Dec2022"
"939",NA,"SJ","",NA,"","CBC Central",NA,NA,7,12,"2022","","past","Porites astreoides",72,5,3,27,25,12,0,0,"",NA,"",67,0,67,2022-12-07,"CBC Central_Dec2022","Dec2022","Dec2022"
"940",NA,"SJ","",NA,"","CBC Central",NA,NA,7,12,"2022","","ppor","Porites porites",27,4,12,6,3,2,0,0,"",NA,"",23,0,23,2022-12-07,"CBC Central_Dec2022","Dec2022","Dec2022"
"941",NA,"SJ","",NA,"","CBC Central",NA,NA,7,12,"2022","","ssid","Siderastrea siderea",36,7,6,12,5,6,0,0,"",NA,"",29,0,29,2022-12-07,"CBC Central_Dec2022","Dec2022","Dec2022"
"942",NA,"SJ","",NA,"","CBC Central",NA,NA,7,12,"2022","","srad","Siderastrea radians",1,1,0,0,0,0,0,0,"",NA,"",0,0,0,2022-12-07,"CBC Central_Dec2022","Dec2022","Dec2022"
"943",NA,"SJ","",NA,"","CBC Central",NA,NA,7,12,"2022","","sint","Stephanocoenia intersepta",9,2,0,4,3,0,0,0,"",NA,"",7,0,7,2022-12-07,"CBC Central_Dec2022","Dec2022","Dec2022"
"944",NA,"SJ","",NA,"","CBC Central",NA,NA,7,12,"2022","","pstr","Pseudodiploria strigosa",2,0,0,0,1,1,0,0,"",NA,"",2,0,2,2022-12-07,"CBC Central_Dec2022","Dec2022","Dec2022"
"945",NA,"Leah Harper","",NA,"","CBC30N",NA,NA,7,1,"2020","","aaga","Agaricia agaricites",48,4,2,24,18,0,0,0,"",NA,"",44,0,44,2020-01-07,"CBC30N_Jan2020","Jan2020","Jan2020"
"946",NA,"Leah Harper","",NA,"","CBC30N",NA,NA,7,1,"2020","","aten","Agaricia tenuifolia",13,1,0,0,10,1,1,0,"",NA,"",11,1,12,2020-01-07,"CBC30N_Jan2020","Jan2020","Jan2020"
"947",NA,"Leah Harper","",NA,"","CBC30N",NA,NA,7,1,"2020","","dsto","Dichocoenia stokesii",1,0,0,0,1,0,0,0,"",NA,"",1,0,1,2020-01-07,"CBC30N_Jan2020","Jan2020","Jan2020"
"948",NA,"Leah Harper","",NA,"","CBC30N",NA,NA,7,1,"2020","","pstr","Pseudodiploria strigosa",4,0,0,2,1,0,1,0,"",NA,"",3,1,4,2020-01-07,"CBC30N_Jan2020","Jan2020","Jan2020"
"949",NA,"Leah Harper","",NA,"","CBC30N",NA,NA,7,1,"2020","","efas","Eusmilia fastigiata",1,0,0,1,0,0,0,0,"",NA,"",1,0,1,2020-01-07,"CBC30N_Jan2020","Jan2020","Jan2020"
"950",NA,"Leah Harper","",NA,"","CBC30N",NA,NA,7,1,"2020","","mmea","Meandrina meandrites",1,0,0,0,1,0,0,0,"",NA,"",1,0,1,2020-01-07,"CBC30N_Jan2020","Jan2020","Jan2020"
"951",NA,"Leah Harper","",NA,"","CBC30N",NA,NA,7,1,"2020","","mcav","Montastraea cavernosa",2,0,0,2,0,0,0,0,"",NA,"",2,0,2,2020-01-07,"CBC30N_Jan2020","Jan2020","Jan2020"
"952",NA,"Leah Harper","",NA,"","CBC30N",NA,NA,7,1,"2020","","orbi","Orbicella spp.",5,0,2,0,1,2,0,0,"",NA,"",5,0,5,2020-01-07,"CBC30N_Jan2020","Jan2020","Jan2020"
"953",NA,"Leah Harper","",NA,"","CBC30N",NA,NA,7,1,"2020","","orbi","Orbicella spp.",5,0,0,4,0,1,0,0,"",NA,"",5,0,5,2020-01-07,"CBC30N_Jan2020","Jan2020","Jan2020"
"954",NA,"Leah Harper","",NA,"","CBC30N",NA,NA,7,1,"2020","","past","Porites astreoides",52,3,2,16,26,5,0,0,"",NA,"",49,0,49,2020-01-07,"CBC30N_Jan2020","Jan2020","Jan2020"
"955",NA,"Leah Harper","",NA,"","CBC30N",NA,NA,7,1,"2020","","ppor","Porites porites",6,0,0,4,2,0,0,0,"",NA,"",6,0,6,2020-01-07,"CBC30N_Jan2020","Jan2020","Jan2020"
"956",NA,"Leah Harper","",NA,"","CBC30N",NA,NA,7,1,"2020","","ssid","Siderastrea siderea",28,4,0,9,6,7,2,0,"",NA,"",22,2,24,2020-01-07,"CBC30N_Jan2020","Jan2020","Jan2020"
"957",NA,"Leah Harper","",NA,"","CBC30N",NA,NA,7,1,"2020","","srad","Siderastrea radians",1,1,0,0,0,0,0,0,"",NA,"",0,0,0,2020-01-07,"CBC30N_Jan2020","Jan2020","Jan2020"
"958",NA,"Leah Harper","",NA,"","CBC30N",NA,NA,7,1,"2020","","sint","Stephanocoenia intersepta",2,0,0,1,1,0,0,0,"",NA,"",2,0,2,2020-01-07,"CBC30N_Jan2020","Jan2020","Jan2020"
"959",NA,"Kelly Pitts","",NA,"","CBC30N",NA,NA,7,1,"2020","","aaga","Agaricia agaricites",35,0,2,27,6,0,0,0,"",NA,"",35,0,35,2020-01-07,"CBC30N_Jan2020","Jan2020","Jan2020"
"960",NA,"Kelly Pitts","",NA,"","CBC30N",NA,NA,7,1,"2020","","aten","Agaricia tenuifolia",12,0,0,2,8,1,1,0,"",NA,"",11,1,12,2020-01-07,"CBC30N_Jan2020","Jan2020","Jan2020"
"961",NA,"Kelly Pitts","",NA,"","CBC30N",NA,NA,7,1,"2020","","alam","Agaricia lamarckiana",1,0,0,1,0,0,0,0,"",NA,"",1,0,1,2020-01-07,"CBC30N_Jan2020","Jan2020","Jan2020"
"962",NA,"Kelly Pitts","",NA,"","CBC30N",NA,NA,7,1,"2020","","dsto","Dichocoenia stokesii",3,0,0,1,2,0,0,0,"",NA,"",3,0,3,2020-01-07,"CBC30N_Jan2020","Jan2020","Jan2020"
"963",NA,"Kelly Pitts","",NA,"","CBC30N",NA,NA,7,1,"2020","","pstr","Pseudodiploria strigosa",1,0,0,1,0,0,0,0,"",NA,"",1,0,1,2020-01-07,"CBC30N_Jan2020","Jan2020","Jan2020"
"964",NA,"Kelly Pitts","",NA,"","CBC30N",NA,NA,7,1,"2020","","mcav","Montastraea cavernosa",3,0,0,0,2,1,0,0,"",NA,"",3,0,3,2020-01-07,"CBC30N_Jan2020","Jan2020","Jan2020"
"965",NA,"Kelly Pitts","",NA,"","CBC30N",NA,NA,7,1,"2020","","orbi","Orbicella spp.",4,0,0,0,3,1,0,0,"",NA,"",4,0,4,2020-01-07,"CBC30N_Jan2020","Jan2020","Jan2020"
"966",NA,"Kelly Pitts","",NA,"","CBC30N",NA,NA,7,1,"2020","","past","Porites astreoides",61,0,0,35,26,0,0,0,"",NA,"",61,0,61,2020-01-07,"CBC30N_Jan2020","Jan2020","Jan2020"
"967",NA,"Kelly Pitts","",NA,"","CBC30N",NA,NA,7,1,"2020","","ppor","Porites porites",5,0,0,2,3,0,0,0,"",NA,"",5,0,5,2020-01-07,"CBC30N_Jan2020","Jan2020","Jan2020"
"968",NA,"Kelly Pitts","",NA,"","CBC30N",NA,NA,7,1,"2020","","ssid","Siderastrea siderea",45,3,8,15,18,1,0,0,"",NA,"",42,0,42,2020-01-07,"CBC30N_Jan2020","Jan2020","Jan2020"
"969",NA,"Kelly Pitts","",NA,"","SR30N",NA,NA,9,1,"2020","","aaga","Agaricia agaricites",49,5,1,24,12,7,0,0,"",NA,"",44,0,44,2020-01-09,"SR30N_Jan2020","Jan2020","Jan2020"
"970",NA,"Kelly Pitts","",NA,"","SR30N",NA,NA,9,1,"2020","","aten","Agaricia tenuifolia",9,0,0,1,3,3,2,0,"",NA,"",7,2,9,2020-01-09,"SR30N_Jan2020","Jan2020","Jan2020"
"971",NA,"Kelly Pitts","",NA,"","SR30N",NA,NA,9,1,"2020","","pstr","Pseudodiploria strigosa",1,0,0,0,1,0,0,0,"",NA,"",1,0,1,2020-01-09,"SR30N_Jan2020","Jan2020","Jan2020"
"972",NA,"Kelly Pitts","",NA,"","SR30N",NA,NA,9,1,"2020","","hcuc","Helioseris cucullata",1,0,0,0,0,1,0,0,"",NA,"",1,0,1,2020-01-09,"SR30N_Jan2020","Jan2020","Jan2020"
"973",NA,"Kelly Pitts","",NA,"","SR30N",NA,NA,9,1,"2020","","mdec","Madracis decactis",1,0,0,1,0,0,0,0,"",NA,"",1,0,1,2020-01-09,"SR30N_Jan2020","Jan2020","Jan2020"
"974",NA,"Kelly Pitts","",NA,"","SR30N",NA,NA,9,1,"2020","","mcav","Montastraea cavernosa",3,0,0,1,1,1,0,0,"",NA,"",3,0,3,2020-01-09,"SR30N_Jan2020","Jan2020","Jan2020"
"975",NA,"Kelly Pitts","",NA,"","SR30N",NA,NA,9,1,"2020","","orbi","Orbicella spp.",1,0,0,0,0,1,0,0,"",NA,"",1,0,1,2020-01-09,"SR30N_Jan2020","Jan2020","Jan2020"
"976",NA,"Kelly Pitts","",NA,"","SR30N",NA,NA,9,1,"2020","","past","Porites astreoides",23,2,0,10,7,4,0,0,"",NA,"",21,0,21,2020-01-09,"SR30N_Jan2020","Jan2020","Jan2020"
"977",NA,"Kelly Pitts","",NA,"","SR30N",NA,NA,9,1,"2020","","ppor","Porites porites",9,0,0,1,6,2,0,0,"",NA,"",9,0,9,2020-01-09,"SR30N_Jan2020","Jan2020","Jan2020"
"978",NA,"Kelly Pitts","",NA,"","SR30N",NA,NA,9,1,"2020","","ssid","Siderastrea siderea",36,5,0,25,3,3,0,0,"",NA,"",31,0,31,2020-01-09,"SR30N_Jan2020","Jan2020","Jan2020"
"979",NA,"Scott Jones","",NA,"","SR30N",NA,NA,9,1,"2020","","aaga","Agaricia agaricites",35,6,2,19,8,0,0,0,"",NA,"",29,0,29,2020-01-09,"SR30N_Jan2020","Jan2020","Jan2020"
"980",NA,"Scott Jones","",NA,"","SR30N",NA,NA,9,1,"2020","","aten","Agaricia tenuifolia",5,0,0,0,2,2,1,0,"",NA,"",4,1,5,2020-01-09,"SR30N_Jan2020","Jan2020","Jan2020"
"981",NA,"Scott Jones","",NA,"","SR30N",NA,NA,9,1,"2020","","cnat","Colpophyllia natans",1,0,0,0,0,0,0,1,"",NA,"",0,1,1,2020-01-09,"SR30N_Jan2020","Jan2020","Jan2020"
"982",NA,"Scott Jones","",NA,"","SR30N",NA,NA,9,1,"2020","","dcyl","Dendrogyra cylindrus",1,0,0,0,1,0,0,0,"",NA,"",1,0,1,2020-01-09,"SR30N_Jan2020","Jan2020","Jan2020"
"983",NA,"Scott Jones","",NA,"","SR30N",NA,NA,9,1,"2020","","dsto","Dichocoenia stokesii",1,1,0,0,0,0,0,0,"",NA,"",0,0,0,2020-01-09,"SR30N_Jan2020","Jan2020","Jan2020"
"984",NA,"Scott Jones","",NA,"","SR30N",NA,NA,9,1,"2020","","pstr","Pseudodiploria strigosa",4,0,0,0,0,4,0,0,"",NA,"",4,0,4,2020-01-09,"SR30N_Jan2020","Jan2020","Jan2020"
"985",NA,"Scott Jones","",NA,"","SR30N",NA,NA,9,1,"2020","","mmea","Meandrina meandrites",1,0,0,0,1,0,0,0,"",NA,"",1,0,1,2020-01-09,"SR30N_Jan2020","Jan2020","Jan2020"
"986",NA,"Scott Jones","",NA,"","SR30N",NA,NA,9,1,"2020","","mcav","Montastraea cavernosa",1,0,0,0,1,0,0,0,"",NA,"",1,0,1,2020-01-09,"SR30N_Jan2020","Jan2020","Jan2020"
"987",NA,"Scott Jones","",NA,"","SR30N",NA,NA,9,1,"2020","","orbi","Orbicella spp.",2,0,0,0,0,1,1,0,"",NA,"",1,1,2,2020-01-09,"SR30N_Jan2020","Jan2020","Jan2020"
"988",NA,"Scott Jones","",NA,"","SR30N",NA,NA,9,1,"2020","","orbi","Orbicella spp.",6,0,0,2,4,0,0,0,"",NA,"",6,0,6,2020-01-09,"SR30N_Jan2020","Jan2020","Jan2020"
"989",NA,"Scott Jones","",NA,"","SR30N",NA,NA,9,1,"2020","","myce","Mycetophyllia spp.",2,0,0,1,1,0,0,0,"",NA,"",2,0,2,2020-01-09,"SR30N_Jan2020","Jan2020","Jan2020"
"990",NA,"Scott Jones","",NA,"","SR30N",NA,NA,9,1,"2020","","past","Porites astreoides",11,2,0,6,3,0,0,0,"",NA,"",9,0,9,2020-01-09,"SR30N_Jan2020","Jan2020","Jan2020"
"991",NA,"Scott Jones","",NA,"","SR30N",NA,NA,9,1,"2020","","ppor","Porites porites",13,0,5,5,2,1,0,0,"",NA,"",13,0,13,2020-01-09,"SR30N_Jan2020","Jan2020","Jan2020"
"992",NA,"Scott Jones","",NA,"","SR30N",NA,NA,9,1,"2020","","ssid","Siderastrea siderea",14,6,1,3,1,3,0,0,"",NA,"",8,0,8,2020-01-09,"SR30N_Jan2020","Jan2020","Jan2020"
"993",NA,"Scott Jones","",NA,"","SR30N",NA,NA,9,1,"2020","","sint","Stephanocoenia intersepta",2,0,0,1,1,0,0,0,"",NA,"",2,0,2,2020-01-09,"SR30N_Jan2020","Jan2020","Jan2020"
"994",NA,"Leah Harper","",NA,"","SR30N",NA,NA,9,1,"2020","","aaga","Agaricia agaricites",45,1,4,20,19,1,0,0,"",NA,"",44,0,44,2020-01-09,"SR30N_Jan2020","Jan2020","Jan2020"
"995",NA,"Leah Harper","",NA,"","SR30N",NA,NA,9,1,"2020","","aten","Agaricia tenuifolia",10,0,0,2,4,2,2,0,"",NA,"",8,2,10,2020-01-09,"SR30N_Jan2020","Jan2020","Jan2020"
"996",NA,"Leah Harper","",NA,"","SR30N",NA,NA,9,1,"2020","","dsto","Dichocoenia stokesii",1,0,0,1,0,0,0,0,"",NA,"",1,0,1,2020-01-09,"SR30N_Jan2020","Jan2020","Jan2020"
"997",NA,"Leah Harper","",NA,"","SR30N",NA,NA,9,1,"2020","","pstr","Pseudodiploria strigosa",3,0,0,0,1,2,0,0,"",NA,"",3,0,3,2020-01-09,"SR30N_Jan2020","Jan2020","Jan2020"
"998",NA,"Leah Harper","",NA,"","SR30N",NA,NA,9,1,"2020","","efas","Eusmilia fastigiata",1,0,0,1,0,0,0,0,"",NA,"",1,0,1,2020-01-09,"SR30N_Jan2020","Jan2020","Jan2020"
"999",NA,"Leah Harper","",NA,"","SR30N",NA,NA,9,1,"2020","","hcuc","Helioseris cucullata",4,0,0,2,2,0,0,0,"",NA,"",4,0,4,2020-01-09,"SR30N_Jan2020","Jan2020","Jan2020"
"1000",NA,"Leah Harper","",NA,"","SR30N",NA,NA,9,1,"2020","","mdec","Madracis decactis",1,0,0,0,1,0,0,0,"",NA,"",1,0,1,2020-01-09,"SR30N_Jan2020","Jan2020","Jan2020"
"1001",NA,"Leah Harper","",NA,"","SR30N",NA,NA,9,1,"2020","","mcav","Montastraea cavernosa",2,0,0,0,1,1,0,0,"",NA,"",2,0,2,2020-01-09,"SR30N_Jan2020","Jan2020","Jan2020"
"1002",NA,"Leah Harper","",NA,"","SR30N",NA,NA,9,1,"2020","","orbi","Orbicella spp.",1,0,0,0,1,0,0,0,"",NA,"",1,0,1,2020-01-09,"SR30N_Jan2020","Jan2020","Jan2020"
"1003",NA,"Leah Harper","",NA,"","SR30N",NA,NA,9,1,"2020","","past","Porites astreoides",27,6,0,7,13,1,0,0,"",NA,"",21,0,21,2020-01-09,"SR30N_Jan2020","Jan2020","Jan2020"
"1004",NA,"Leah Harper","",NA,"","SR30N",NA,NA,9,1,"2020","","ppor","Porites porites",8,0,0,2,4,2,0,0,"",NA,"",8,0,8,2020-01-09,"SR30N_Jan2020","Jan2020","Jan2020"
"1005",NA,"Leah Harper","",NA,"","SR30N",NA,NA,9,1,"2020","","ssid","Siderastrea siderea",35,13,1,10,5,5,1,0,"",NA,"",21,1,22,2020-01-09,"SR30N_Jan2020","Jan2020","Jan2020"
"1006",NA,"Leah Harper","",NA,"","SR30N",NA,NA,9,1,"2020","","sint","Stephanocoenia intersepta",3,1,2,0,0,0,0,0,"",NA,"",2,0,2,2020-01-09,"SR30N_Jan2020","Jan2020","Jan2020"
"1007",NA,"Scott Jones","",NA,"","CBC Central",NA,NA,6,10,"2019","","aaga","Agaricia agaricites",35,8,0,16,8,3,0,0,"",NA,"",27,0,27,2019-10-06,"CBC Central_Oct2019","Oct2019","Jan2020"
"1008",NA,"Leah Harper","",NA,"","CBC Central",NA,NA,6,10,"2019","","aaga","Agaricia agaricites",70,11,1,39,18,1,0,0,"",NA,"",59,0,59,2019-10-06,"CBC Central_Oct2019","Oct2019","Jan2020"
"1009",NA,"Maggie Johnson","",NA,"","CBC Central",NA,NA,6,10,"2019","","aaga","Agaricia agaricites",35,3,2,15,15,0,0,0,"",NA,"",32,0,32,2019-10-06,"CBC Central_Oct2019","Oct2019","Jan2020"
"1010",NA,"Maggie Johnson","",NA,"","CBC Central",NA,NA,6,10,"2019","","agar","Agaricia spp.",2,2,0,0,0,0,0,0,"",NA,"",0,0,0,2019-10-06,"CBC Central_Oct2019","Oct2019","Jan2020"
"1011",NA,"Scott Jones","",NA,"","CBC Central",NA,NA,6,10,"2019","","aten","Agaricia tenuifolia",13,0,0,2,6,4,1,0,"",NA,"",12,1,13,2019-10-06,"CBC Central_Oct2019","Oct2019","Jan2020"
"1012",NA,"Leah Harper","",NA,"","CBC Central",NA,NA,6,10,"2019","","aten","Agaricia tenuifolia",4,0,0,1,1,0,2,0,"",NA,"",2,2,4,2019-10-06,"CBC Central_Oct2019","Oct2019","Jan2020"
"1013",NA,"Maggie Johnson","",NA,"","CBC Central",NA,NA,6,10,"2019","","aten","Agaricia tenuifolia",17,0,0,8,4,5,0,0,"",NA,"",17,0,17,2019-10-06,"CBC Central_Oct2019","Oct2019","Jan2020"
"1014",NA,"Leah Harper","",NA,"","CBC Central",NA,NA,6,10,"2019","","dlab","Diploria labyrinthiformis",2,0,0,1,1,0,0,0,"",NA,"",2,0,2,2019-10-06,"CBC Central_Oct2019","Oct2019","Jan2020"
"1015",NA,"Scott Jones","",NA,"","CBC Central",NA,NA,6,10,"2019","","dsto","Dichocoenia stokesii",2,0,0,2,0,0,0,0,"",NA,"",2,0,2,2019-10-06,"CBC Central_Oct2019","Oct2019","Jan2020"
"1016",NA,"Leah Harper","",NA,"","CBC Central",NA,NA,6,10,"2019","","dsto","Dichocoenia stokesii",3,0,0,2,1,0,0,0,"",NA,"",3,0,3,2019-10-06,"CBC Central_Oct2019","Oct2019","Jan2020"
"1017",NA,"Scott Jones","",NA,"","CBC Central",NA,NA,6,10,"2019","","pstr","Pseudodiploria strigosa",1,0,0,1,0,0,0,0,"",NA,"",1,0,1,2019-10-06,"CBC Central_Oct2019","Oct2019","Jan2020"
"1018",NA,"Leah Harper","",NA,"","CBC Central",NA,NA,6,10,"2019","","pstr","Pseudodiploria strigosa",4,1,0,0,2,0,1,0,"",NA,"",2,1,3,2019-10-06,"CBC Central_Oct2019","Oct2019","Jan2020"
"1019",NA,"Maggie Johnson","",NA,"","CBC Central",NA,NA,6,10,"2019","","pstr","Pseudodiploria strigosa",3,0,0,0,2,1,0,0,"",NA,"",3,0,3,2019-10-06,"CBC Central_Oct2019","Oct2019","Jan2020"
"1020",NA,"Scott Jones","",NA,"","CBC Central",NA,NA,6,10,"2019","","efas","Eusmilia fastigiata",1,0,0,0,0,1,0,0,"",NA,"",1,0,1,2019-10-06,"CBC Central_Oct2019","Oct2019","Jan2020"
"1021",NA,"Leah Harper","",NA,"","CBC Central",NA,NA,6,10,"2019","","efas","Eusmilia fastigiata",1,0,1,0,0,0,0,0,"",NA,"",1,0,1,2019-10-06,"CBC Central_Oct2019","Oct2019","Jan2020"
"1022",NA,"Scott Jones","",NA,"","CBC Central",NA,NA,6,10,"2019","","mcav","Montastraea cavernosa",2,1,0,0,1,0,0,0,"",NA,"",1,0,1,2019-10-06,"CBC Central_Oct2019","Oct2019","Jan2020"
"1023",NA,"Leah Harper","",NA,"","CBC Central",NA,NA,6,10,"2019","","mcav","Montastraea cavernosa",3,0,2,0,1,0,0,0,"",NA,"",3,0,3,2019-10-06,"CBC Central_Oct2019","Oct2019","Jan2020"
"1024",NA,"Maggie Johnson","",NA,"","CBC Central",NA,NA,6,10,"2019","","mcav","Montastraea cavernosa",4,0,0,1,3,0,0,0,"",NA,"",4,0,4,2019-10-06,"CBC Central_Oct2019","Oct2019","Jan2020"
"1025",NA,"Maggie Johnson","",NA,"","CBC Central",NA,NA,6,10,"2019","","mdec","Madracis decactis",1,0,0,0,1,0,0,0,"",NA,"",1,0,1,2019-10-06,"CBC Central_Oct2019","Oct2019","Jan2020"
"1026",NA,"Leah Harper","",NA,"","CBC Central",NA,NA,6,10,"2019","","mmea","Meandrina meandrites",1,0,0,1,0,0,0,0,"",NA,"",1,0,1,2019-10-06,"CBC Central_Oct2019","Oct2019","Jan2020"
"1027",NA,"Maggie Johnson","",NA,"","CBC Central",NA,NA,6,10,"2019","","mmea","Meandrina meandrites",2,0,0,0,2,0,0,0,"",NA,"",2,0,2,2019-10-06,"CBC Central_Oct2019","Oct2019","Jan2020"
"1028",NA,"Leah Harper","",NA,"","CBC Central",NA,NA,6,10,"2019","","orbi","Orbicella spp.",2,0,1,1,0,0,0,0,"",NA,"",2,0,2,2019-10-06,"CBC Central_Oct2019","Oct2019","Jan2020"
"1029",NA,"Maggie Johnson","",NA,"","CBC Central",NA,NA,6,10,"2019","","orbi","Orbicella spp.",4,0,0,0,3,1,0,0,"",NA,"",4,0,4,2019-10-06,"CBC Central_Oct2019","Oct2019","Jan2020"
"1030",NA,"Scott Jones","",NA,"","CBC Central",NA,NA,6,10,"2019","","orbi","Orbicella spp.",1,0,0,0,0,1,0,0,"",NA,"",1,0,1,2019-10-06,"CBC Central_Oct2019","Oct2019","Jan2020"
"1031",NA,"Maggie Johnson","",NA,"","CBC Central",NA,NA,6,10,"2019","","orbi","Orbicella spp.",2,0,0,0,1,1,0,0,"",NA,"",2,0,2,2019-10-06,"CBC Central_Oct2019","Oct2019","Jan2020"
"1032",NA,"Scott Jones","",NA,"","CBC Central",NA,NA,6,10,"2019","","past","Porites astreoides",20,3,0,7,7,2,1,0,"",NA,"",16,1,17,2019-10-06,"CBC Central_Oct2019","Oct2019","Jan2020"
"1033",NA,"Leah Harper","",NA,"","CBC Central",NA,NA,6,10,"2019","","past","Porites astreoides",51,5,1,17,22,6,0,0,"",NA,"",46,0,46,2019-10-06,"CBC Central_Oct2019","Oct2019","Jan2020"
"1034",NA,"Maggie Johnson","",NA,"","CBC Central",NA,NA,6,10,"2019","","past","Porites astreoides",22,5,0,7,9,1,0,0,"",NA,"",17,0,17,2019-10-06,"CBC Central_Oct2019","Oct2019","Jan2020"
"1035",NA,"Scott Jones","",NA,"","CBC Central",NA,NA,6,10,"2019","","ppor","Porites porites",22,0,4,9,4,4,1,0,"",NA,"",21,1,22,2019-10-06,"CBC Central_Oct2019","Oct2019","Jan2020"
"1036",NA,"Leah Harper","",NA,"","CBC Central",NA,NA,6,10,"2019","","ppor","Porites porites",6,1,0,3,2,0,0,0,"",NA,"",5,0,5,2019-10-06,"CBC Central_Oct2019","Oct2019","Jan2020"
"1037",NA,"Maggie Johnson","",NA,"","CBC Central",NA,NA,6,10,"2019","","ppor","Porites porites",12,0,0,6,5,1,0,0,"",NA,"",12,0,12,2019-10-06,"CBC Central_Oct2019","Oct2019","Jan2020"
"1038",NA,"Leah Harper","",NA,"","CBC Central",NA,NA,6,10,"2019","","sint","Stephanocoenia intersepta",6,0,0,1,4,1,0,0,"",NA,"",6,0,6,2019-10-06,"CBC Central_Oct2019","Oct2019","Jan2020"
"1039",NA,"Maggie Johnson","",NA,"","CBC Central",NA,NA,6,10,"2019","","sint","Stephanocoenia intersepta",3,1,0,2,0,0,0,0,"",NA,"",2,0,2,2019-10-06,"CBC Central_Oct2019","Oct2019","Jan2020"
"1040",NA,"Leah Harper","",NA,"","CBC Central",NA,NA,6,10,"2019","","srad","Siderastrea radians",1,0,0,1,0,0,0,0,"",NA,"",1,0,1,2019-10-06,"CBC Central_Oct2019","Oct2019","Jan2020"
"1041",NA,"Scott Jones","",NA,"","CBC Central",NA,NA,6,10,"2019","","ssid","Siderastrea siderea",20,2,3,7,4,4,0,0,"",NA,"",18,0,18,2019-10-06,"CBC Central_Oct2019","Oct2019","Jan2020"
"1042",NA,"Leah Harper","",NA,"","CBC Central",NA,NA,6,10,"2019","","ssid","Siderastrea siderea",81,19,5,34,19,4,0,0,"",NA,"",62,0,62,2019-10-06,"CBC Central_Oct2019","Oct2019","Jan2020"
"1043",NA,"Maggie Johnson","",NA,"","CBC Central",NA,NA,6,10,"2019","","ssid","Siderastrea siderea",16,4,0,6,4,2,0,0,"",NA,"",12,0,12,2019-10-06,"CBC Central_Oct2019","Oct2019","Jan2020"
"1044",NA,"Scott Jones","",NA,"","House Reef",NA,NA,8,10,"2019","","aaga","Agaricia agaricites",61,20,2,28,11,0,0,0,"",NA,"",41,0,41,2019-10-08,"House Reef_Oct2019","Oct2019","Jan2020"
"1045",NA,"Leah Harper","",NA,"","House Reef",NA,NA,8,10,"2019","","aaga","Agaricia agaricites",120,23,1,62,30,4,0,0,"",NA,"",97,0,97,2019-10-08,"House Reef_Oct2019","Oct2019","Jan2020"
"1046",NA,"Leah Harper","",NA,"","House Reef",NA,NA,8,10,"2019","","acer","Acropora cervicornis",2,0,0,0,2,0,0,0,"",NA,"",2,0,2,2019-10-08,"House Reef_Oct2019","Oct2019","Jan2020"
"1047",NA,"Scott Jones","",NA,"","House Reef",NA,NA,8,10,"2019","","aten","Agaricia tenuifolia",15,2,0,3,7,1,1,1,"",NA,"",11,2,13,2019-10-08,"House Reef_Oct2019","Oct2019","Jan2020"
"1048",NA,"Leah Harper","",NA,"","House Reef",NA,NA,8,10,"2019","","aten","Agaricia tenuifolia",14,0,0,2,5,4,1,2,"",NA,"",11,3,14,2019-10-08,"House Reef_Oct2019","Oct2019","Jan2020"
"1049",NA,"Scott Jones","",NA,"","House Reef",NA,NA,8,10,"2019","","dsto","Dichocoenia stokesii",1,0,0,0,1,0,0,0,"",NA,"",1,0,1,2019-10-08,"House Reef_Oct2019","Oct2019","Jan2020"
"1050",NA,"Leah Harper","",NA,"","House Reef",NA,NA,8,10,"2019","","dsto","Dichocoenia stokesii",1,0,0,0,1,0,0,0,"",NA,"",1,0,1,2019-10-08,"House Reef_Oct2019","Oct2019","Jan2020"
"1051",NA,"Scott Jones","",NA,"","House Reef",NA,NA,8,10,"2019","","pstr","Pseudodiploria strigosa",5,1,0,0,3,1,0,0,"",NA,"",4,0,4,2019-10-08,"House Reef_Oct2019","Oct2019","Jan2020"
"1052",NA,"Leah Harper","",NA,"","House Reef",NA,NA,8,10,"2019","","pstr","Pseudodiploria strigosa",5,0,0,0,2,1,2,0,"",NA,"",3,2,5,2019-10-08,"House Reef_Oct2019","Oct2019","Jan2020"
"1053",NA,"Leah Harper","",NA,"","House Reef",NA,NA,8,10,"2019","","efas","Eusmilia fastigiata",3,1,0,2,0,0,0,0,"",NA,"",2,0,2,2019-10-08,"House Reef_Oct2019","Oct2019","Jan2020"
"1054",NA,"Leah Harper","",NA,"","House Reef",NA,NA,8,10,"2019","","ffra","Favia fragum",1,1,0,0,0,0,0,0,"",NA,"",0,0,0,2019-10-08,"House Reef_Oct2019","Oct2019","Jan2020"
"1055",NA,"Leah Harper","",NA,"","House Reef",NA,NA,8,10,"2019","","mcav","Montastraea cavernosa",1,0,0,1,0,0,0,0,"",NA,"",1,0,1,2019-10-08,"House Reef_Oct2019","Oct2019","Jan2020"
"1056",NA,"Scott Jones","",NA,"","House Reef",NA,NA,8,10,"2019","","orbi","Orbicella spp.",57,0,5,13,24,11,3,1,"",NA,"",53,4,57,2019-10-08,"House Reef_Oct2019","Oct2019","Jan2020"
"1057",NA,"Leah Harper","",NA,"","House Reef",NA,NA,8,10,"2019","","orbi","Orbicella spp.",19,0,0,1,4,9,5,0,"",NA,"",14,5,19,2019-10-08,"House Reef_Oct2019","Oct2019","Jan2020"
"1058",NA,"Leah Harper","",NA,"","House Reef",NA,NA,8,10,"2019","","orbi","Orbicella spp.",1,0,0,0,0,1,0,0,"",NA,"",1,0,1,2019-10-08,"House Reef_Oct2019","Oct2019","Jan2020"
"1059",NA,"Scott Jones","",NA,"","House Reef",NA,NA,8,10,"2019","","past","Porites astreoides",30,11,0,13,6,0,0,0,"",NA,"",19,0,19,2019-10-08,"House Reef_Oct2019","Oct2019","Jan2020"
"1060",NA,"Leah Harper","",NA,"","House Reef",NA,NA,8,10,"2019","","past","Porites astreoides",22,3,1,6,9,3,0,0,"",NA,"",19,0,19,2019-10-08,"House Reef_Oct2019","Oct2019","Jan2020"
"1061",NA,"Scott Jones","",NA,"","House Reef",NA,NA,8,10,"2019","","ppor","Porites porites",2,0,1,0,0,1,0,0,"",NA,"",2,0,2,2019-10-08,"House Reef_Oct2019","Oct2019","Jan2020"
"1062",NA,"Leah Harper","",NA,"","House Reef",NA,NA,8,10,"2019","","ppor","Porites porites",10,5,0,2,2,1,0,0,"",NA,"",5,0,5,2019-10-08,"House Reef_Oct2019","Oct2019","Jan2020"
"1063",NA,"Scott Jones","",NA,"","House Reef",NA,NA,8,10,"2019","","sint","Stephanocoenia intersepta",1,0,0,1,0,0,0,0,"",NA,"",1,0,1,2019-10-08,"House Reef_Oct2019","Oct2019","Jan2020"
"1064",NA,"Leah Harper","",NA,"","House Reef",NA,NA,8,10,"2019","","sint","Stephanocoenia intersepta",2,0,0,2,0,0,0,0,"",NA,"",2,0,2,2019-10-08,"House Reef_Oct2019","Oct2019","Jan2020"
"1065",NA,"Scott Jones","",NA,"","House Reef",NA,NA,8,10,"2019","","srad","Siderastrea radians",16,0,11,5,0,0,0,0,"",NA,"",16,0,16,2019-10-08,"House Reef_Oct2019","Oct2019","Jan2020"
"1066",NA,"Leah Harper","",NA,"","House Reef",NA,NA,8,10,"2019","","srad","Siderastrea radians",40,19,4,13,4,0,0,0,"",NA,"",21,0,21,2019-10-08,"House Reef_Oct2019","Oct2019","Jan2020"
"1067",NA,"Scott Jones","",NA,"","House Reef",NA,NA,8,10,"2019","","ssid","Siderastrea siderea",10,1,0,0,5,4,0,0,"",NA,"",9,0,9,2019-10-08,"House Reef_Oct2019","Oct2019","Jan2020"
"1068",NA,"Leah Harper","",NA,"","House Reef",NA,NA,8,10,"2019","","ssid","Siderastrea siderea",11,0,0,1,4,6,0,0,"",NA,"",11,0,11,2019-10-08,"House Reef_Oct2019","Oct2019","Jan2020"
"1069",NA,"Scott Jones","",NA,"","CBC Lagoon",NA,NA,14,10,"2019","","aaga","Agaricia agaricites",72,30,0,30,10,2,0,0,"",NA,"",42,0,42,2019-10-14,"CBC Lagoon_Oct2019","Oct2019","Jan2020"
"1070",NA,"Leah Harper","",NA,"","CBC Lagoon",NA,NA,14,10,"2019","","aaga","Agaricia agaricites",49,10,0,25,14,0,0,0,"",NA,"",39,0,39,2019-10-14,"CBC Lagoon_Oct2019","Oct2019","Jan2020"
"1071",NA,"Scott Jones","",NA,"","CBC Lagoon",NA,NA,14,10,"2019","","aten","Agaricia tenuifolia",76,20,0,7,22,6,14,7,"",NA,"",35,21,56,2019-10-14,"CBC Lagoon_Oct2019","Oct2019","Jan2020"
"1072",NA,"Leah Harper","",NA,"","CBC Lagoon",NA,NA,14,10,"2019","","aten","Agaricia tenuifolia",31,0,0,3,11,13,4,0,"",NA,"",27,4,31,2019-10-14,"CBC Lagoon_Oct2019","Oct2019","Jan2020"
"1073",NA,"Leah Harper","",NA,"","CBC Lagoon",NA,NA,14,10,"2019","","dlab","Diploria labyrinthiformis",2,0,0,0,1,1,0,0,"",NA,"",2,0,2,2019-10-14,"CBC Lagoon_Oct2019","Oct2019","Jan2020"
"1074",NA,"Leah Harper","",NA,"","CBC Lagoon",NA,NA,14,10,"2019","","dsto","Dichocoenia stokesii",3,1,1,1,0,0,0,0,"",NA,"",2,0,2,2019-10-14,"CBC Lagoon_Oct2019","Oct2019","Jan2020"
"1075",NA,"Leah Harper","",NA,"","CBC Lagoon",NA,NA,14,10,"2019","","pstr","Pseudodiploria strigosa",5,0,0,0,2,3,0,0,"",NA,"",5,0,5,2019-10-14,"CBC Lagoon_Oct2019","Oct2019","Jan2020"
"1076",NA,"Scott Jones","",NA,"","CBC Lagoon",NA,NA,14,10,"2019","","efas","Eusmilia fastigiata",1,0,0,1,0,0,0,0,"",NA,"",1,0,1,2019-10-14,"CBC Lagoon_Oct2019","Oct2019","Jan2020"
"1077",NA,"Leah Harper","",NA,"","CBC Lagoon",NA,NA,14,10,"2019","","efas","Eusmilia fastigiata",1,0,0,0,1,0,0,0,"",NA,"",1,0,1,2019-10-14,"CBC Lagoon_Oct2019","Oct2019","Jan2020"
"1078",NA,"Scott Jones","",NA,"","CBC Lagoon",NA,NA,14,10,"2019","","hcuc","Helioseris cucullata",1,0,0,1,0,0,0,0,"",NA,"",1,0,1,2019-10-14,"CBC Lagoon_Oct2019","Oct2019","Jan2020"
"1079",NA,"Scott Jones","",NA,"","CBC Lagoon",NA,NA,14,10,"2019","","mcav","Montastraea cavernosa",7,0,0,2,4,1,0,0,"",NA,"",7,0,7,2019-10-14,"CBC Lagoon_Oct2019","Oct2019","Jan2020"
"1080",NA,"Leah Harper","",NA,"","CBC Lagoon",NA,NA,14,10,"2019","","mcav","Montastraea cavernosa",5,0,0,1,3,1,0,0,"",NA,"",5,0,5,2019-10-14,"CBC Lagoon_Oct2019","Oct2019","Jan2020"
"1081",NA,"Scott Jones","",NA,"","CBC Lagoon",NA,NA,14,10,"2019","","mdec","Madracis decactis",3,0,0,3,0,0,0,0,"",NA,"",3,0,3,2019-10-14,"CBC Lagoon_Oct2019","Oct2019","Jan2020"
"1082",NA,"Leah Harper","",NA,"","CBC Lagoon",NA,NA,14,10,"2019","","mmea","Meandrina meandrites",1,0,0,0,0,1,0,0,"",NA,"",1,0,1,2019-10-14,"CBC Lagoon_Oct2019","Oct2019","Jan2020"
"1083",NA,"Scott Jones","",NA,"","CBC Lagoon",NA,NA,14,10,"2019","","orbi","Orbicella spp.",14,0,1,12,0,1,0,0,"",NA,"",14,0,14,2019-10-14,"CBC Lagoon_Oct2019","Oct2019","Jan2020"
"1084",NA,"Leah Harper","",NA,"","CBC Lagoon",NA,NA,14,10,"2019","","orbi","Orbicella spp.",1,0,0,0,0,1,0,0,"",NA,"",1,0,1,2019-10-14,"CBC Lagoon_Oct2019","Oct2019","Jan2020"
"1085",NA,"Scott Jones","",NA,"","CBC Lagoon",NA,NA,14,10,"2019","","orbi","Orbicella spp.",1,0,0,1,0,0,0,0,"",NA,"",1,0,1,2019-10-14,"CBC Lagoon_Oct2019","Oct2019","Jan2020"
"1086",NA,"Leah Harper","",NA,"","CBC Lagoon",NA,NA,14,10,"2019","","orbi","Orbicella spp.",1,0,0,0,0,0,1,0,"",NA,"",0,1,1,2019-10-14,"CBC Lagoon_Oct2019","Oct2019","Jan2020"
"1087",NA,"Scott Jones","",NA,"","CBC Lagoon",NA,NA,14,10,"2019","","past","Porites astreoides",16,4,1,7,4,0,0,0,"",NA,"",12,0,12,2019-10-14,"CBC Lagoon_Oct2019","Oct2019","Jan2020"
"1088",NA,"Leah Harper","",NA,"","CBC Lagoon",NA,NA,14,10,"2019","","past","Porites astreoides",55,10,0,17,27,1,0,0,"",NA,"",45,0,45,2019-10-14,"CBC Lagoon_Oct2019","Oct2019","Jan2020"
"1089",NA,"Scott Jones","",NA,"","CBC Lagoon",NA,NA,14,10,"2019","","ppor","Porites porites",17,3,3,4,3,4,0,0,"",NA,"",14,0,14,2019-10-14,"CBC Lagoon_Oct2019","Oct2019","Jan2020"
"1090",NA,"Leah Harper","",NA,"","CBC Lagoon",NA,NA,14,10,"2019","","ppor","Porites porites",9,2,0,4,3,0,0,0,"",NA,"",7,0,7,2019-10-14,"CBC Lagoon_Oct2019","Oct2019","Jan2020"
"1091",NA,"Scott Jones","",NA,"","CBC Lagoon",NA,NA,14,10,"2019","","sint","Stephanocoenia intersepta",3,0,0,2,1,0,0,0,"",NA,"",3,0,3,2019-10-14,"CBC Lagoon_Oct2019","Oct2019","Jan2020"
"1092",NA,"Leah Harper","",NA,"","CBC Lagoon",NA,NA,14,10,"2019","","sint","Stephanocoenia intersepta",2,1,0,0,0,1,0,0,"",NA,"",1,0,1,2019-10-14,"CBC Lagoon_Oct2019","Oct2019","Jan2020"
"1093",NA,"Leah Harper","",NA,"","CBC Lagoon",NA,NA,14,10,"2019","","srad","Siderastrea radians",1,0,0,1,0,0,0,0,"",NA,"",1,0,1,2019-10-14,"CBC Lagoon_Oct2019","Oct2019","Jan2020"
"1094",NA,"Scott Jones","",NA,"","CBC Lagoon",NA,NA,14,10,"2019","","ssid","Siderastrea siderea",15,6,2,0,6,1,0,0,"",NA,"",9,0,9,2019-10-14,"CBC Lagoon_Oct2019","Oct2019","Jan2020"
"1095",NA,"Leah Harper","",NA,"","CBC Lagoon",NA,NA,14,10,"2019","","ssid","Siderastrea siderea",33,5,0,13,10,5,0,0,"",NA,"",28,0,28,2019-10-14,"CBC Lagoon_Oct2019","Oct2019","Jan2020"
"1096",NA,"Scott Jones","",NA,"","Curlew Patch",NA,NA,13,10,"2019","","aaga","Agaricia agaricites",81,23,0,45,12,1,0,0,"",NA,"",58,0,58,2019-10-13,"Curlew Patch_Oct2019","Oct2019","Jan2020"
"1097",NA,"Leah Harper","",NA,"","Curlew Patch",NA,NA,13,10,"2019","","aaga","Agaricia agaricites",104,32,4,40,27,1,0,0,"",NA,"",72,0,72,2019-10-13,"Curlew Patch_Oct2019","Oct2019","Jan2020"
"1098",NA,"Scott Jones","",NA,"","Curlew Patch",NA,NA,13,10,"2019","","acer","Acropora cervicornis",2,0,0,1,1,0,0,0,"",NA,"",2,0,2,2019-10-13,"Curlew Patch_Oct2019","Oct2019","Jan2020"
"1099",NA,"Leah Harper","",NA,"","Curlew Patch",NA,NA,13,10,"2019","","agar","Agaricia spp.",6,5,0,1,0,0,0,0,"",NA,"",1,0,1,2019-10-13,"Curlew Patch_Oct2019","Oct2019","Jan2020"
"1100",NA,"Scott Jones","",NA,"","Curlew Patch",NA,NA,13,10,"2019","","aten","Agaricia tenuifolia",44,4,4,12,12,5,7,0,"",NA,"",33,7,40,2019-10-13,"Curlew Patch_Oct2019","Oct2019","Jan2020"
"1101",NA,"Leah Harper","",NA,"","Curlew Patch",NA,NA,13,10,"2019","","aten","Agaricia tenuifolia",56,6,2,10,15,9,12,2,"",NA,"",36,14,50,2019-10-13,"Curlew Patch_Oct2019","Oct2019","Jan2020"
"1102",NA,"Leah Harper","",NA,"","Curlew Patch",NA,NA,13,10,"2019","","dsto","Dichocoenia stokesii",1,0,0,0,1,0,0,0,"",NA,"",1,0,1,2019-10-13,"Curlew Patch_Oct2019","Oct2019","Jan2020"
"1103",NA,"Leah Harper","",NA,"","Curlew Patch",NA,NA,13,10,"2019","","pstr","Pseudodiploria strigosa",1,0,0,0,0,1,0,0,"",NA,"",1,0,1,2019-10-13,"Curlew Patch_Oct2019","Oct2019","Jan2020"
"1104",NA,"Scott Jones","",NA,"","Curlew Patch",NA,NA,13,10,"2019","","hcuc","Helioseris cucullata",1,0,0,0,1,0,0,0,"",NA,"",1,0,1,2019-10-13,"Curlew Patch_Oct2019","Oct2019","Jan2020"
"1105",NA,"Leah Harper","",NA,"","Curlew Patch",NA,NA,13,10,"2019","","hcuc","Helioseris cucullata",1,0,0,1,0,0,0,0,"",NA,"",1,0,1,2019-10-13,"Curlew Patch_Oct2019","Oct2019","Jan2020"
"1106",NA,"Leah Harper","",NA,"","Curlew Patch",NA,NA,13,10,"2019","","mali","Mycetophyllia aliciae",1,0,0,1,0,0,0,0,"",NA,"",1,0,1,2019-10-13,"Curlew Patch_Oct2019","Oct2019","Jan2020"
"1107",NA,"Scott Jones","",NA,"","Curlew Patch",NA,NA,13,10,"2019","","mcav","Montastraea cavernosa",1,0,0,0,1,0,0,0,"",NA,"",1,0,1,2019-10-13,"Curlew Patch_Oct2019","Oct2019","Jan2020"
"1108",NA,"Leah Harper","",NA,"","Curlew Patch",NA,NA,13,10,"2019","","mcav","Montastraea cavernosa",8,0,0,0,4,4,0,0,"",NA,"",8,0,8,2019-10-13,"Curlew Patch_Oct2019","Oct2019","Jan2020"
"1109",NA,"Leah Harper","",NA,"","Curlew Patch",NA,NA,13,10,"2019","","orbi","Orbicella spp.",4,0,0,0,2,2,0,0,"",NA,"",4,0,4,2019-10-13,"Curlew Patch_Oct2019","Oct2019","Jan2020"
"1110",NA,"Scott Jones","",NA,"","Curlew Patch",NA,NA,13,10,"2019","","orbi","Orbicella spp.",3,0,0,0,2,0,1,0,"",NA,"",2,1,3,2019-10-13,"Curlew Patch_Oct2019","Oct2019","Jan2020"
"1111",NA,"Leah Harper","",NA,"","Curlew Patch",NA,NA,13,10,"2019","","orbi","Orbicella spp.",1,0,0,0,0,0,1,0,"",NA,"",0,1,1,2019-10-13,"Curlew Patch_Oct2019","Oct2019","Jan2020"
"1112",NA,"Scott Jones","",NA,"","Curlew Patch",NA,NA,13,10,"2019","","past","Porites astreoides",16,5,0,6,5,0,0,0,"",NA,"",11,0,11,2019-10-13,"Curlew Patch_Oct2019","Oct2019","Jan2020"
"1113",NA,"Leah Harper","",NA,"","Curlew Patch",NA,NA,13,10,"2019","","past","Porites astreoides",43,7,1,20,15,0,0,0,"",NA,"",36,0,36,2019-10-13,"Curlew Patch_Oct2019","Oct2019","Jan2020"
"1114",NA,"Scott Jones","",NA,"","Curlew Patch",NA,NA,13,10,"2019","","ppor","Porites porites",43,1,15,18,9,0,0,0,"",NA,"",42,0,42,2019-10-13,"Curlew Patch_Oct2019","Oct2019","Jan2020"
"1115",NA,"Leah Harper","",NA,"","Curlew Patch",NA,NA,13,10,"2019","","ppor","Porites porites",22,4,1,9,7,1,0,0,"",NA,"",18,0,18,2019-10-13,"Curlew Patch_Oct2019","Oct2019","Jan2020"
"1116",NA,"Leah Harper","",NA,"","Curlew Patch",NA,NA,13,10,"2019","","sint","Stephanocoenia intersepta",5,1,0,0,4,0,0,0,"",NA,"",4,0,4,2019-10-13,"Curlew Patch_Oct2019","Oct2019","Jan2020"
"1117",NA,"Scott Jones","",NA,"","Curlew Patch",NA,NA,13,10,"2019","","ssid","Siderastrea siderea",23,0,0,11,5,7,0,0,"",NA,"",23,0,23,2019-10-13,"Curlew Patch_Oct2019","Oct2019","Jan2020"
"1118",NA,"Leah Harper","",NA,"","Curlew Patch",NA,NA,13,10,"2019","","ssid","Siderastrea siderea",16,0,0,2,3,9,2,0,"",NA,"",14,2,16,2019-10-13,"Curlew Patch_Oct2019","Oct2019","Jan2020"
"1119",NA,"Leah Harper","",NA,"","South Reef Central",NA,NA,11,10,"2019","","aaga","Agaricia agaricites",72,7,3,30,29,3,0,0,"",NA,"",65,0,65,2019-10-11,"South Reef Central_Oct2019","Oct2019","Jan2020"
"1120",NA,"Scott Jones","",NA,"","South Reef Central",NA,NA,11,10,"2019","","aaga","Agaricia agaricites",53,11,0,30,11,1,0,0,"",NA,"",42,0,42,2019-10-11,"South Reef Central_Oct2019","Oct2019","Jan2020"
"1121",NA,"Leah Harper","",NA,"","South Reef Central",NA,NA,11,10,"2019","","aten","Agaricia tenuifolia",9,0,0,1,0,4,4,0,"",NA,"",5,4,9,2019-10-11,"South Reef Central_Oct2019","Oct2019","Jan2020"
"1122",NA,"Scott Jones","",NA,"","South Reef Central",NA,NA,11,10,"2019","","aten","Agaricia tenuifolia",8,1,0,2,1,2,2,0,"",NA,"",5,2,7,2019-10-11,"South Reef Central_Oct2019","Oct2019","Jan2020"
"1123",NA,"Leah Harper","",NA,"","South Reef Central",NA,NA,11,10,"2019","","dsto","Dichocoenia stokesii",2,0,0,1,1,0,0,0,"",NA,"",2,0,2,2019-10-11,"South Reef Central_Oct2019","Oct2019","Jan2020"
"1124",NA,"Scott Jones","",NA,"","South Reef Central",NA,NA,11,10,"2019","","dsto","Dichocoenia stokesii",3,1,0,1,1,0,0,0,"",NA,"",2,0,2,2019-10-11,"South Reef Central_Oct2019","Oct2019","Jan2020"
"1125",NA,"Leah Harper","",NA,"","South Reef Central",NA,NA,11,10,"2019","","pstr","Pseudodiploria strigosa",3,0,0,0,2,1,0,0,"",NA,"",3,0,3,2019-10-11,"South Reef Central_Oct2019","Oct2019","Jan2020"
"1126",NA,"Scott Jones","",NA,"","South Reef Central",NA,NA,11,10,"2019","","pstr","Pseudodiploria strigosa",3,0,0,1,1,1,0,0,"",NA,"",3,0,3,2019-10-11,"South Reef Central_Oct2019","Oct2019","Jan2020"
"1127",NA,"Leah Harper","",NA,"","South Reef Central",NA,NA,11,10,"2019","","hcuc","Helioseris cucullata",1,0,0,0,0,1,0,0,"",NA,"",1,0,1,2019-10-11,"South Reef Central_Oct2019","Oct2019","Jan2020"
"1128",NA,"Scott Jones","",NA,"","South Reef Central",NA,NA,11,10,"2019","","hcuc","Helioseris cucullata",2,0,0,2,0,0,0,0,"",NA,"",2,0,2,2019-10-11,"South Reef Central_Oct2019","Oct2019","Jan2020"
"1129",NA,"Leah Harper","",NA,"","South Reef Central",NA,NA,11,10,"2019","","mcav","Montastraea cavernosa",1,0,0,0,0,1,0,0,"",NA,"",1,0,1,2019-10-11,"South Reef Central_Oct2019","Oct2019","Jan2020"
"1130",NA,"Scott Jones","",NA,"","South Reef Central",NA,NA,11,10,"2019","","mcav","Montastraea cavernosa",7,0,0,1,5,1,0,0,"",NA,"",7,0,7,2019-10-11,"South Reef Central_Oct2019","Oct2019","Jan2020"
"1131",NA,"Leah Harper","",NA,"","South Reef Central",NA,NA,11,10,"2019","","mdec","Madracis decactis",3,1,0,0,1,1,0,0,"",NA,"",2,0,2,2019-10-11,"South Reef Central_Oct2019","Oct2019","Jan2020"
"1132",NA,"Scott Jones","",NA,"","South Reef Central",NA,NA,11,10,"2019","","mdec","Madracis decactis",3,0,2,1,0,0,0,0,"",NA,"",3,0,3,2019-10-11,"South Reef Central_Oct2019","Oct2019","Jan2020"
"1133",NA,"Leah Harper","",NA,"","South Reef Central",NA,NA,11,10,"2019","","mmea","Meandrina meandrites",1,0,0,1,0,0,0,0,"",NA,"",1,0,1,2019-10-11,"South Reef Central_Oct2019","Oct2019","Jan2020"
"1134",NA,"Scott Jones","",NA,"","South Reef Central",NA,NA,11,10,"2019","","mmea","Meandrina meandrites",1,0,0,0,1,0,0,0,"",NA,"",1,0,1,2019-10-11,"South Reef Central_Oct2019","Oct2019","Jan2020"
"1135",NA,"Scott Jones","",NA,"","South Reef Central",NA,NA,11,10,"2019","","orbi","Orbicella spp.",10,0,1,2,7,0,0,0,"",NA,"",10,0,10,2019-10-11,"South Reef Central_Oct2019","Oct2019","Jan2020"
"1136",NA,"Leah Harper","",NA,"","South Reef Central",NA,NA,11,10,"2019","","orbi","Orbicella spp.",1,0,0,0,0,1,0,0,"",NA,"",1,0,1,2019-10-11,"South Reef Central_Oct2019","Oct2019","Jan2020"
"1137",NA,"Leah Harper","",NA,"","South Reef Central",NA,NA,11,10,"2019","","orbi","Orbicella spp.",1,1,0,0,0,0,0,0,"",NA,"",0,0,0,2019-10-11,"South Reef Central_Oct2019","Oct2019","Jan2020"
"1138",NA,"Leah Harper","",NA,"","South Reef Central",NA,NA,11,10,"2019","","past","Porites astreoides",37,6,1,17,11,2,0,0,"",NA,"",31,0,31,2019-10-11,"South Reef Central_Oct2019","Oct2019","Jan2020"
"1139",NA,"Scott Jones","",NA,"","South Reef Central",NA,NA,11,10,"2019","","past","Porites astreoides",40,5,0,18,16,1,0,0,"",NA,"",35,0,35,2019-10-11,"South Reef Central_Oct2019","Oct2019","Jan2020"
"1140",NA,"Leah Harper","",NA,"","South Reef Central",NA,NA,11,10,"2019","","ppor","Porites porites",12,2,2,1,5,2,0,0,"",NA,"",10,0,10,2019-10-11,"South Reef Central_Oct2019","Oct2019","Jan2020"
"1141",NA,"Scott Jones","",NA,"","South Reef Central",NA,NA,11,10,"2019","","ppor","Porites porites",13,1,7,3,1,1,0,0,"",NA,"",12,0,12,2019-10-11,"South Reef Central_Oct2019","Oct2019","Jan2020"
"1142",NA,"Leah Harper","",NA,"","South Reef Central",NA,NA,11,10,"2019","","sint","Stephanocoenia intersepta",2,0,0,0,1,1,0,0,"",NA,"",2,0,2,2019-10-11,"South Reef Central_Oct2019","Oct2019","Jan2020"
"1143",NA,"Scott Jones","",NA,"","South Reef Central",NA,NA,11,10,"2019","","sint","Stephanocoenia intersepta",2,0,0,1,0,1,0,0,"",NA,"",2,0,2,2019-10-11,"South Reef Central_Oct2019","Oct2019","Jan2020"
"1144",NA,"Scott Jones","",NA,"","South Reef Central",NA,NA,11,10,"2019","","srad","Siderastrea radians",1,0,0,0,1,0,0,0,"",NA,"",1,0,1,2019-10-11,"South Reef Central_Oct2019","Oct2019","Jan2020"
"1145",NA,"Leah Harper","",NA,"","South Reef Central",NA,NA,11,10,"2019","","ssid","Siderastrea siderea",24,6,9,4,5,0,0,0,"",NA,"",18,0,18,2019-10-11,"South Reef Central_Oct2019","Oct2019","Jan2020"
"1146",NA,"Scott Jones","",NA,"","South Reef Central",NA,NA,11,10,"2019","","ssid","Siderastrea siderea",29,6,0,13,8,2,0,0,"",NA,"",23,0,23,2019-10-11,"South Reef Central_Oct2019","Oct2019","Jan2020"
