,Habitat,SiteName,Date,npoints,TimePoint,Label,n,cover,Label_General,Label_Suscep
1,Forereef,CBC Central,01/12/2022,840,Dec-22,AAGA,2,0.238095238,All Stony Coral,x
2,Forereef,CBC Central,01/12/2022,840,Dec-22,ACER,0,0,All Stony Coral,x
3,Forereef,CBC Central,01/12/2022,840,Dec-22,AGAR,0,0,All Stony Coral,x
4,Forereef,CBC Central,01/12/2022,840,Dec-22,ALAM,0,0,All Stony Coral,x
5,Forereef,CBC Central,01/12/2022,840,Dec-22,ANTI,8,0.952380952,Octocoral,x
6,Forereef,CBC Central,01/12/2022,840,Dec-22,ATEN,17,2.023809524,All Stony Coral,x
7,Forereef,CBC Central,01/12/2022,840,Dec-22,BRAN-CALC,0,0,Macroalgae,x
8,Forereef,CBC Central,01/12/2022,840,Dec-22,BRIA,0,0,Octocoral,x
9,Forereef,CBC Central,01/12/2022,840,Dec-22,CCA 1,20,2.380952381,Hard Substrate,x
10,Forereef,CBC Central,01/12/2022,840,Dec-22,CLIONI,0,0,Sponge,x
11,Forereef,CBC Central,01/12/2022,840,Dec-22,CNAT,0,0,All Stony Coral,SCTLD Suscep. Spp.
12,Forereef,CBC Central,01/12/2022,840,Dec-22,CYAN,3,0.357142857,Cyanobacteria,x
13,Forereef,CBC Central,01/12/2022,840,Dec-22,Cyan red,0,0,Cyanobacteria,x
14,Forereef,CBC Central,01/12/2022,840,Dec-22,DLAB,0,0,All Stony Coral,SCTLD Suscep. Spp.
15,Forereef,CBC Central,01/12/2022,840,Dec-22,Dicsp,0,0,Macroalgae,x
16,Forereef,CBC Central,01/12/2022,840,Dec-22,ENSP,0,0,Sponge,x
17,Forereef,CBC Central,01/12/2022,840,Dec-22,EUNI,0,0,Octocoral,x
18,Forereef,CBC Central,01/12/2022,840,Dec-22,GORGO,135,16.07142857,Octocoral,x
19,Forereef,CBC Central,01/12/2022,840,Dec-22,GVEN,5,0.595238095,Octocoral,x
20,Forereef,CBC Central,01/12/2022,840,Dec-22,Hal_spp,3,0.357142857,Macroalgae,x
21,Forereef,CBC Central,01/12/2022,840,Dec-22,LSUB_RUB,24,2.857142857,Rubble,x
22,Forereef,CBC Central,01/12/2022,840,Dec-22,Lob_spp,0,0,Macroalgae,x
23,Forereef,CBC Central,01/12/2022,840,Dec-22,MALC,5,0.595238095,All Stony Coral,x
24,Forereef,CBC Central,01/12/2022,840,Dec-22,MCAV,1,0.119047619,All Stony Coral,SCTLD Suscep. Spp.
25,Forereef,CBC Central,01/12/2022,840,Dec-22,MCOM,0,0,All Stony Coral,x
26,Forereef,CBC Central,01/12/2022,840,Dec-22,MURI,0,0,Octocoral,x
27,Forereef,CBC Central,01/12/2022,840,Dec-22,MURO,0,0,Octocoral,x
28,Forereef,CBC Central,01/12/2022,840,Dec-22,Macro,60,7.142857143,Macroalgae,x
29,Forereef,CBC Central,01/12/2022,840,Dec-22,OANN,0,0,All Stony Coral,SCTLD Suscep. Spp.
30,Forereef,CBC Central,01/12/2022,840,Dec-22,OFAV,0,0,All Stony Coral,SCTLD Suscep. Spp.
31,Forereef,CBC Central,01/12/2022,840,Dec-22,Other Inv,0,0,Other Encrusting Invert,x
32,Forereef,CBC Central,01/12/2022,840,Dec-22,PALY,1,0.119047619,Other Encrusting Invert,x
33,Forereef,CBC Central,01/12/2022,840,Dec-22,PAST,13,1.547619048,All Stony Coral,x
34,Forereef,CBC Central,01/12/2022,840,Dec-22,PPOR,5,0.595238095,All Stony Coral,x
35,Forereef,CBC Central,01/12/2022,840,Dec-22,PSEUGORG,0,0,Octocoral,x
36,Forereef,CBC Central,01/12/2022,840,Dec-22,PSTR,0,0,All Stony Coral,SCTLD Suscep. Spp.
37,Forereef,CBC Central,01/12/2022,840,Dec-22,PTER,0,0,Octocoral,x
38,Forereef,CBC Central,01/12/2022,840,Dec-22,SHAD,1,0.119047619,Unidentified,x
39,Forereef,CBC Central,01/12/2022,840,Dec-22,SINT,0,0,All Stony Coral,SCTLD Suscep. Spp.
40,Forereef,CBC Central,01/12/2022,840,Dec-22,SINT,1,0.119047619,All Stony Coral,SCTLD Suscep. Spp.
41,Forereef,CBC Central,01/12/2022,840,Dec-22,SPONGB,3,0.357142857,Sponge,x
42,Forereef,CBC Central,01/12/2022,840,Dec-22,SPONGR,0,0,Sponge,x
43,Forereef,CBC Central,01/12/2022,840,Dec-22,SPONGV,0,0,Sponge,x
44,Forereef,CBC Central,01/12/2022,840,Dec-22,SPTU,1,0.119047619,Sponge,x
45,Forereef,CBC Central,01/12/2022,840,Dec-22,SRAD,0,0,All Stony Coral,x
46,Forereef,CBC Central,01/12/2022,840,Dec-22,SSID,0,0,All Stony Coral,SCTLD Suscep. Spp.
47,Forereef,CBC Central,01/12/2022,840,Dec-22,Sand,24,2.857142857,Sand,x
48,Forereef,CBC Central,01/12/2022,840,Dec-22,SpgOth,9,1.071428571,Sponge,x
49,Forereef,CBC Central,01/12/2022,840,Dec-22,TAPE,27,3.214285714,Unidentified,x
50,Forereef,CBC Central,01/12/2022,840,Dec-22,THAL,0,0,Thalassia,x
51,Forereef,CBC Central,01/12/2022,840,Dec-22,Tk Tf,130,15.47619048,Turf Algae,x
52,Forereef,CBC Central,01/12/2022,840,Dec-22,Tn Tf,342,40.71428571,Turf Algae,x
53,Forereef,CBC Central,01/12/2022,840,Dec-22,Turbin,0,0,Macroalgae,x
54,Forereef,CBC Central,01/12/2022,840,Dec-22,Unk,0,0,Unidentified,x
55,Forereef,CBC Central,23/05/2022,840,May-22,AAGA,4,0.476190476,All Stony Coral,x
56,Forereef,CBC Central,23/05/2022,840,May-22,ACER,0,0,All Stony Coral,x
57,Forereef,CBC Central,23/05/2022,840,May-22,AGAR,0,0,All Stony Coral,x
58,Forereef,CBC Central,23/05/2022,840,May-22,ALAM,0,0,All Stony Coral,x
59,Forereef,CBC Central,23/05/2022,840,May-22,ANTI,120,14.28571429,Octocoral,x
60,Forereef,CBC Central,23/05/2022,840,May-22,ATEN,8,0.952380952,All Stony Coral,x
61,Forereef,CBC Central,23/05/2022,840,May-22,BRAN-CALC,0,0,Macroalgae,x
62,Forereef,CBC Central,23/05/2022,840,May-22,BRIA,0,0,Octocoral,x
63,Forereef,CBC Central,23/05/2022,840,May-22,CCA 1,4,0.476190476,Hard Substrate,x
64,Forereef,CBC Central,23/05/2022,840,May-22,CLIONI,0,0,Sponge,x
65,Forereef,CBC Central,23/05/2022,840,May-22,CNAT,0,0,All Stony Coral,SCTLD Suscep. Spp.
66,Forereef,CBC Central,23/05/2022,840,May-22,CYAN,1,0.119047619,Cyanobacteria,x
67,Forereef,CBC Central,23/05/2022,840,May-22,Cyan red,0,0,Cyanobacteria,x
68,Forereef,CBC Central,23/05/2022,840,May-22,DLAB,0,0,All Stony Coral,SCTLD Suscep. Spp.
69,Forereef,CBC Central,23/05/2022,840,May-22,Dicsp,3,0.357142857,Macroalgae,x
70,Forereef,CBC Central,23/05/2022,840,May-22,ENSP,0,0,Sponge,x
71,Forereef,CBC Central,23/05/2022,840,May-22,EUNI,16,1.904761905,Octocoral,x
72,Forereef,CBC Central,23/05/2022,840,May-22,GORGO,15,1.785714286,Octocoral,x
73,Forereef,CBC Central,23/05/2022,840,May-22,GVEN,5,0.595238095,Octocoral,x
74,Forereef,CBC Central,23/05/2022,840,May-22,Hal_spp,5,0.595238095,Macroalgae,x
75,Forereef,CBC Central,23/05/2022,840,May-22,LSUB_RUB,50,5.952380952,Rubble,x
76,Forereef,CBC Central,23/05/2022,840,May-22,Lob_spp,0,0,Macroalgae,x
77,Forereef,CBC Central,23/05/2022,840,May-22,MALC,8,0.952380952,All Stony Coral,x
78,Forereef,CBC Central,23/05/2022,840,May-22,MCAV,5,0.595238095,All Stony Coral,SCTLD Suscep. Spp.
79,Forereef,CBC Central,23/05/2022,840,May-22,MCOM,0,0,All Stony Coral,x
80,Forereef,CBC Central,23/05/2022,840,May-22,MURI,0,0,Octocoral,x
81,Forereef,CBC Central,23/05/2022,840,May-22,MURO,3,0.357142857,Octocoral,x
82,Forereef,CBC Central,23/05/2022,840,May-22,Macro,31,3.69047619,Macroalgae,x
83,Forereef,CBC Central,23/05/2022,840,May-22,OANN,0,0,All Stony Coral,SCTLD Suscep. Spp.
84,Forereef,CBC Central,23/05/2022,840,May-22,OFAV,0,0,All Stony Coral,SCTLD Suscep. Spp.
85,Forereef,CBC Central,23/05/2022,840,May-22,Other Inv,1,0.119047619,Other Encrusting Invert,x
86,Forereef,CBC Central,23/05/2022,840,May-22,PALY,0,0,Other Encrusting Invert,x
87,Forereef,CBC Central,23/05/2022,840,May-22,PAST,29,3.452380952,All Stony Coral,x
88,Forereef,CBC Central,23/05/2022,840,May-22,PPOR,12,1.428571429,All Stony Coral,x
89,Forereef,CBC Central,23/05/2022,840,May-22,PSEUGORG,8,0.952380952,Octocoral,x
90,Forereef,CBC Central,23/05/2022,840,May-22,PSTR,0,0,All Stony Coral,SCTLD Suscep. Spp.
91,Forereef,CBC Central,23/05/2022,840,May-22,PTER,0,0,Octocoral,x
92,Forereef,CBC Central,23/05/2022,840,May-22,SHAD,1,0.119047619,Unidentified,x
93,Forereef,CBC Central,23/05/2022,840,May-22,SINT,0,0,All Stony Coral,SCTLD Suscep. Spp.
94,Forereef,CBC Central,23/05/2022,840,May-22,SINT,2,0.238095238,All Stony Coral,SCTLD Suscep. Spp.
95,Forereef,CBC Central,23/05/2022,840,May-22,SPONGB,12,1.428571429,Sponge,x
96,Forereef,CBC Central,23/05/2022,840,May-22,SPONGR,0,0,Sponge,x
97,Forereef,CBC Central,23/05/2022,840,May-22,SPONGV,1,0.119047619,Sponge,x
98,Forereef,CBC Central,23/05/2022,840,May-22,SPTU,0,0,Sponge,x
99,Forereef,CBC Central,23/05/2022,840,May-22,SRAD,0,0,All Stony Coral,x
100,Forereef,CBC Central,23/05/2022,840,May-22,SSID,6,0.714285714,All Stony Coral,SCTLD Suscep. Spp.
101,Forereef,CBC Central,23/05/2022,840,May-22,Sand,58,6.904761905,Sand,x
102,Forereef,CBC Central,23/05/2022,840,May-22,SpgOth,1,0.119047619,Sponge,x
103,Forereef,CBC Central,23/05/2022,840,May-22,TAPE,48,5.714285714,Unidentified,x
104,Forereef,CBC Central,23/05/2022,840,May-22,THAL,0,0,Thalassia,x
105,Forereef,CBC Central,23/05/2022,840,May-22,Tk Tf,61,7.261904762,Turf Algae,x
106,Forereef,CBC Central,23/05/2022,840,May-22,Tn Tf,319,37.97619048,Turf Algae,x
107,Forereef,CBC Central,23/05/2022,840,May-22,Turbin,0,0,Macroalgae,x
108,Forereef,CBC Central,23/05/2022,840,May-22,Unk,3,0.357142857,Unidentified,x
109,Forereef,CBC Central,10/10/2019,840,Oct-19,AAGA,2,0.238095238,All Stony Coral,x
110,Forereef,CBC Central,10/10/2019,840,Oct-19,ACER,0,0,All Stony Coral,x
111,Forereef,CBC Central,10/10/2019,840,Oct-19,AGAR,0,0,All Stony Coral,x
112,Forereef,CBC Central,10/10/2019,840,Oct-19,ALAM,0,0,All Stony Coral,x
113,Forereef,CBC Central,10/10/2019,840,Oct-19,ANTI,157,18.69047619,Octocoral,x
114,Forereef,CBC Central,10/10/2019,840,Oct-19,ATEN,24,2.857142857,All Stony Coral,x
115,Forereef,CBC Central,10/10/2019,840,Oct-19,BRAN-CALC,0,0,Macroalgae,x
116,Forereef,CBC Central,10/10/2019,840,Oct-19,BRIA,0,0,Octocoral,x
117,Forereef,CBC Central,10/10/2019,840,Oct-19,CCA 1,1,0.119047619,Hard Substrate,x
118,Forereef,CBC Central,10/10/2019,840,Oct-19,CLIONI,3,0.357142857,Sponge,x
119,Forereef,CBC Central,10/10/2019,840,Oct-19,CNAT,0,0,All Stony Coral,SCTLD Suscep. Spp.
120,Forereef,CBC Central,10/10/2019,840,Oct-19,CYAN,6,0.714285714,Cyanobacteria,x
121,Forereef,CBC Central,10/10/2019,840,Oct-19,Cyan red,0,0,Cyanobacteria,x
122,Forereef,CBC Central,10/10/2019,840,Oct-19,DLAB,3,0.357142857,All Stony Coral,SCTLD Suscep. Spp.
123,Forereef,CBC Central,10/10/2019,840,Oct-19,Dicsp,26,3.095238095,Macroalgae,x
124,Forereef,CBC Central,10/10/2019,840,Oct-19,ENSP,2,0.238095238,Sponge,x
125,Forereef,CBC Central,10/10/2019,840,Oct-19,EUNI,33,3.928571429,Octocoral,x
126,Forereef,CBC Central,10/10/2019,840,Oct-19,GORGO,18,2.142857143,Octocoral,x
127,Forereef,CBC Central,10/10/2019,840,Oct-19,GVEN,7,0.833333333,Octocoral,x
128,Forereef,CBC Central,10/10/2019,840,Oct-19,Hal_spp,11,1.30952381,Macroalgae,x
129,Forereef,CBC Central,10/10/2019,840,Oct-19,LSUB_RUB,41,4.880952381,Rubble,x
130,Forereef,CBC Central,10/10/2019,840,Oct-19,Lob_spp,0,0,Macroalgae,x
131,Forereef,CBC Central,10/10/2019,840,Oct-19,MALC,3,0.357142857,All Stony Coral,x
132,Forereef,CBC Central,10/10/2019,840,Oct-19,MCAV,1,0.119047619,All Stony Coral,SCTLD Suscep. Spp.
133,Forereef,CBC Central,10/10/2019,840,Oct-19,MCOM,0,0,All Stony Coral,x
134,Forereef,CBC Central,10/10/2019,840,Oct-19,MURI,0,0,Octocoral,x
135,Forereef,CBC Central,10/10/2019,840,Oct-19,MURO,0,0,Octocoral,x
136,Forereef,CBC Central,10/10/2019,840,Oct-19,Macro,66,7.857142857,Macroalgae,x
137,Forereef,CBC Central,10/10/2019,840,Oct-19,OANN,0,0,All Stony Coral,SCTLD Suscep. Spp.
138,Forereef,CBC Central,10/10/2019,840,Oct-19,OFAV,2,0.238095238,All Stony Coral,SCTLD Suscep. Spp.
139,Forereef,CBC Central,10/10/2019,840,Oct-19,Other Inv,0,0,Other Encrusting Invert,x
140,Forereef,CBC Central,10/10/2019,840,Oct-19,PALY,0,0,Other Encrusting Invert,x
141,Forereef,CBC Central,10/10/2019,840,Oct-19,PAST,10,1.19047619,All Stony Coral,x
142,Forereef,CBC Central,10/10/2019,840,Oct-19,PPOR,9,1.071428571,All Stony Coral,x
143,Forereef,CBC Central,10/10/2019,840,Oct-19,PSEUGORG,25,2.976190476,Octocoral,x
144,Forereef,CBC Central,10/10/2019,840,Oct-19,PSTR,7,0.833333333,All Stony Coral,SCTLD Suscep. Spp.
145,Forereef,CBC Central,10/10/2019,840,Oct-19,PTER,0,0,Octocoral,x
146,Forereef,CBC Central,10/10/2019,840,Oct-19,SHAD,4,0.476190476,Unidentified,x
147,Forereef,CBC Central,10/10/2019,840,Oct-19,SINT,0,0,All Stony Coral,SCTLD Suscep. Spp.
148,Forereef,CBC Central,10/10/2019,840,Oct-19,SINT,0,0,All Stony Coral,SCTLD Suscep. Spp.
149,Forereef,CBC Central,10/10/2019,840,Oct-19,SPONGB,6,0.714285714,Sponge,x
150,Forereef,CBC Central,10/10/2019,840,Oct-19,SPONGR,0,0,Sponge,x
151,Forereef,CBC Central,10/10/2019,840,Oct-19,SPONGV,3,0.357142857,Sponge,x
152,Forereef,CBC Central,10/10/2019,840,Oct-19,SPTU,4,0.476190476,Sponge,x
153,Forereef,CBC Central,10/10/2019,840,Oct-19,SRAD,0,0,All Stony Coral,x
154,Forereef,CBC Central,10/10/2019,840,Oct-19,SSID,17,2.023809524,All Stony Coral,SCTLD Suscep. Spp.
155,Forereef,CBC Central,10/10/2019,840,Oct-19,Sand,69,8.214285714,Sand,x
156,Forereef,CBC Central,10/10/2019,840,Oct-19,SpgOth,0,0,Sponge,x
157,Forereef,CBC Central,10/10/2019,840,Oct-19,TAPE,21,2.5,Unidentified,x
158,Forereef,CBC Central,10/10/2019,840,Oct-19,THAL,0,0,Thalassia,x
159,Forereef,CBC Central,10/10/2019,840,Oct-19,Tk Tf,84,10,Turf Algae,x
160,Forereef,CBC Central,10/10/2019,840,Oct-19,Tn Tf,169,20.11904762,Turf Algae,x
161,Forereef,CBC Central,10/10/2019,840,Oct-19,Turbin,1,0.119047619,Macroalgae,x
162,Forereef,CBC Central,10/10/2019,840,Oct-19,Unk,5,0.595238095,Unidentified,x
163,Forereef,CBC Lagoon,01/12/2022,840,Dec-22,AAGA,6,0.714285714,All Stony Coral,x
164,Forereef,CBC Lagoon,01/12/2022,840,Dec-22,ACER,0,0,All Stony Coral,x
165,Forereef,CBC Lagoon,01/12/2022,840,Dec-22,AGAR,0,0,All Stony Coral,x
166,Forereef,CBC Lagoon,01/12/2022,840,Dec-22,ALAM,1,0.119047619,All Stony Coral,x
167,Forereef,CBC Lagoon,01/12/2022,840,Dec-22,ANTI,0,0,Octocoral,x
168,Forereef,CBC Lagoon,01/12/2022,840,Dec-22,ATEN,82,9.761904762,All Stony Coral,x
169,Forereef,CBC Lagoon,01/12/2022,840,Dec-22,BRAN-CALC,0,0,Macroalgae,x
170,Forereef,CBC Lagoon,01/12/2022,840,Dec-22,BRIA,0,0,Octocoral,x
171,Forereef,CBC Lagoon,01/12/2022,840,Dec-22,CCA 1,15,1.785714286,Hard Substrate,x
172,Forereef,CBC Lagoon,01/12/2022,840,Dec-22,CLIONI,0,0,Sponge,x
173,Forereef,CBC Lagoon,01/12/2022,840,Dec-22,CNAT,0,0,All Stony Coral,SCTLD Suscep. Spp.
174,Forereef,CBC Lagoon,01/12/2022,840,Dec-22,CYAN,0,0,Cyanobacteria,x
175,Forereef,CBC Lagoon,01/12/2022,840,Dec-22,Cyan red,0,0,Cyanobacteria,x
176,Forereef,CBC Lagoon,01/12/2022,840,Dec-22,DLAB,0,0,All Stony Coral,SCTLD Suscep. Spp.
177,Forereef,CBC Lagoon,01/12/2022,840,Dec-22,Dicsp,0,0,Macroalgae,x
178,Forereef,CBC Lagoon,01/12/2022,840,Dec-22,ENSP,0,0,Sponge,x
179,Forereef,CBC Lagoon,01/12/2022,840,Dec-22,EUNI,0,0,Octocoral,x
180,Forereef,CBC Lagoon,01/12/2022,840,Dec-22,GORGO,30,3.571428571,Octocoral,x
181,Forereef,CBC Lagoon,01/12/2022,840,Dec-22,GVEN,2,0.238095238,Octocoral,x
182,Forereef,CBC Lagoon,01/12/2022,840,Dec-22,Hal_spp,0,0,Macroalgae,x
183,Forereef,CBC Lagoon,01/12/2022,840,Dec-22,LSUB_RUB,9,1.071428571,Rubble,x
184,Forereef,CBC Lagoon,01/12/2022,840,Dec-22,Lob_spp,0,0,Macroalgae,x
185,Forereef,CBC Lagoon,01/12/2022,840,Dec-22,MALC,13,1.547619048,All Stony Coral,x
186,Forereef,CBC Lagoon,01/12/2022,840,Dec-22,MCAV,7,0.833333333,All Stony Coral,SCTLD Suscep. Spp.
187,Forereef,CBC Lagoon,01/12/2022,840,Dec-22,MCOM,1,0.119047619,All Stony Coral,x
188,Forereef,CBC Lagoon,01/12/2022,840,Dec-22,MURI,0,0,Octocoral,x
189,Forereef,CBC Lagoon,01/12/2022,840,Dec-22,MURO,0,0,Octocoral,x
190,Forereef,CBC Lagoon,01/12/2022,840,Dec-22,Macro,112,13.33333333,Macroalgae,x
191,Forereef,CBC Lagoon,01/12/2022,840,Dec-22,OANN,7,0.833333333,All Stony Coral,SCTLD Suscep. Spp.
192,Forereef,CBC Lagoon,01/12/2022,840,Dec-22,OFAV,0,0,All Stony Coral,SCTLD Suscep. Spp.
193,Forereef,CBC Lagoon,01/12/2022,840,Dec-22,Other Inv,0,0,Other Encrusting Invert,x
194,Forereef,CBC Lagoon,01/12/2022,840,Dec-22,PALY,1,0.119047619,Other Encrusting Invert,x
195,Forereef,CBC Lagoon,01/12/2022,840,Dec-22,PAST,8,0.952380952,All Stony Coral,x
196,Forereef,CBC Lagoon,01/12/2022,840,Dec-22,PPOR,0,0,All Stony Coral,x
197,Forereef,CBC Lagoon,01/12/2022,840,Dec-22,PSEUGORG,0,0,Octocoral,x
198,Forereef,CBC Lagoon,01/12/2022,840,Dec-22,PSTR,3,0.357142857,All Stony Coral,SCTLD Suscep. Spp.
199,Forereef,CBC Lagoon,01/12/2022,840,Dec-22,PTER,0,0,Octocoral,x
200,Forereef,CBC Lagoon,01/12/2022,840,Dec-22,SHAD,2,0.238095238,Unidentified,x
201,Forereef,CBC Lagoon,01/12/2022,840,Dec-22,SINT,0,0,All Stony Coral,SCTLD Suscep. Spp.
202,Forereef,CBC Lagoon,01/12/2022,840,Dec-22,SINT,0,0,All Stony Coral,SCTLD Suscep. Spp.
203,Forereef,CBC Lagoon,01/12/2022,840,Dec-22,SPONGB,2,0.238095238,Sponge,x
204,Forereef,CBC Lagoon,01/12/2022,840,Dec-22,SPONGR,0,0,Sponge,x
205,Forereef,CBC Lagoon,01/12/2022,840,Dec-22,SPONGV,0,0,Sponge,x
206,Forereef,CBC Lagoon,01/12/2022,840,Dec-22,SPTU,30,3.571428571,Sponge,x
207,Forereef,CBC Lagoon,01/12/2022,840,Dec-22,SRAD,0,0,All Stony Coral,x
208,Forereef,CBC Lagoon,01/12/2022,840,Dec-22,SSID,2,0.238095238,All Stony Coral,SCTLD Suscep. Spp.
209,Forereef,CBC Lagoon,01/12/2022,840,Dec-22,Sand,7,0.833333333,Sand,x
210,Forereef,CBC Lagoon,01/12/2022,840,Dec-22,SpgOth,11,1.30952381,Sponge,x
211,Forereef,CBC Lagoon,01/12/2022,840,Dec-22,TAPE,36,4.285714286,Unidentified,x
212,Forereef,CBC Lagoon,01/12/2022,840,Dec-22,THAL,0,0,Thalassia,x
213,Forereef,CBC Lagoon,01/12/2022,840,Dec-22,Tk Tf,133,15.83333333,Turf Algae,x
214,Forereef,CBC Lagoon,01/12/2022,840,Dec-22,Tn Tf,318,37.85714286,Turf Algae,x
215,Forereef,CBC Lagoon,01/12/2022,840,Dec-22,Turbin,0,0,Macroalgae,x
216,Forereef,CBC Lagoon,01/12/2022,840,Dec-22,Unk,2,0.238095238,Unidentified,x
217,Forereef,CBC30N,04/01/2020,680,Jan-20,AAGA,4,0.588235294,All Stony Coral,x
218,Forereef,CBC30N,04/01/2020,680,Jan-20,ACER,0,0,All Stony Coral,x
219,Forereef,CBC30N,04/01/2020,680,Jan-20,AGAR,0,0,All Stony Coral,x
220,Forereef,CBC30N,04/01/2020,680,Jan-20,ALAM,0,0,All Stony Coral,x
221,Forereef,CBC30N,04/01/2020,680,Jan-20,ANTI,93,13.67647059,Octocoral,x
222,Forereef,CBC30N,04/01/2020,680,Jan-20,ATEN,17,2.5,All Stony Coral,x
223,Forereef,CBC30N,04/01/2020,680,Jan-20,BRAN-CALC,0,0,Macroalgae,x
224,Forereef,CBC30N,04/01/2020,680,Jan-20,BRIA,0,0,Octocoral,x
225,Forereef,CBC30N,04/01/2020,680,Jan-20,CCA 1,3,0.441176471,Hard Substrate,x
226,Forereef,CBC30N,04/01/2020,680,Jan-20,CLIONI,3,0.441176471,Sponge,x
227,Forereef,CBC30N,04/01/2020,680,Jan-20,CNAT,0,0,All Stony Coral,SCTLD Suscep. Spp.
228,Forereef,CBC30N,04/01/2020,680,Jan-20,CYAN,0,0,Cyanobacteria,x
229,Forereef,CBC30N,04/01/2020,680,Jan-20,Cyan red,0,0,Cyanobacteria,x
230,Forereef,CBC30N,04/01/2020,680,Jan-20,DLAB,0,0,All Stony Coral,SCTLD Suscep. Spp.
231,Forereef,CBC30N,04/01/2020,680,Jan-20,Dicsp,8,1.176470588,Macroalgae,x
232,Forereef,CBC30N,04/01/2020,680,Jan-20,ENSP,0,0,Sponge,x
233,Forereef,CBC30N,04/01/2020,680,Jan-20,EUNI,3,0.441176471,Octocoral,x
234,Forereef,CBC30N,04/01/2020,680,Jan-20,GORGO,20,2.941176471,Octocoral,x
235,Forereef,CBC30N,04/01/2020,680,Jan-20,GVEN,23,3.382352941,Octocoral,x
236,Forereef,CBC30N,04/01/2020,680,Jan-20,Hal_spp,3,0.441176471,Macroalgae,x
237,Forereef,CBC30N,04/01/2020,680,Jan-20,LSUB_RUB,32,4.705882353,Rubble,x
238,Forereef,CBC30N,04/01/2020,680,Jan-20,Lob_spp,0,0,Macroalgae,x
239,Forereef,CBC30N,04/01/2020,680,Jan-20,MALC,7,1.029411765,All Stony Coral,x
240,Forereef,CBC30N,04/01/2020,680,Jan-20,MCAV,1,0.147058824,All Stony Coral,SCTLD Suscep. Spp.
241,Forereef,CBC30N,04/01/2020,680,Jan-20,MCOM,0,0,All Stony Coral,x
242,Forereef,CBC30N,04/01/2020,680,Jan-20,MURI,0,0,Octocoral,x
243,Forereef,CBC30N,04/01/2020,680,Jan-20,MURO,0,0,Octocoral,x
244,Forereef,CBC30N,04/01/2020,680,Jan-20,Macro,12,1.764705882,Macroalgae,x
245,Forereef,CBC30N,04/01/2020,680,Jan-20,OANN,0,0,All Stony Coral,SCTLD Suscep. Spp.
246,Forereef,CBC30N,04/01/2020,680,Jan-20,OFAV,0,0,All Stony Coral,SCTLD Suscep. Spp.
247,Forereef,CBC30N,04/01/2020,680,Jan-20,Other Inv,1,0.147058824,Other Encrusting Invert,x
248,Forereef,CBC30N,04/01/2020,680,Jan-20,PALY,1,0.147058824,Other Encrusting Invert,x
249,Forereef,CBC30N,04/01/2020,680,Jan-20,PAST,13,1.911764706,All Stony Coral,x
250,Forereef,CBC30N,04/01/2020,680,Jan-20,PPOR,2,0.294117647,All Stony Coral,x
251,Forereef,CBC30N,04/01/2020,680,Jan-20,PSEUGORG,4,0.588235294,Octocoral,x
252,Forereef,CBC30N,04/01/2020,680,Jan-20,PSTR,2,0.294117647,All Stony Coral,SCTLD Suscep. Spp.
253,Forereef,CBC30N,04/01/2020,680,Jan-20,PTER,5,0.735294118,Octocoral,x
254,Forereef,CBC30N,04/01/2020,680,Jan-20,SHAD,2,0.294117647,Unidentified,x
255,Forereef,CBC30N,04/01/2020,680,Jan-20,SINT,0,0,All Stony Coral,SCTLD Suscep. Spp.
256,Forereef,CBC30N,04/01/2020,680,Jan-20,SINT,0,0,All Stony Coral,SCTLD Suscep. Spp.
257,Forereef,CBC30N,04/01/2020,680,Jan-20,SPONGB,0,0,Sponge,x
258,Forereef,CBC30N,04/01/2020,680,Jan-20,SPONGR,0,0,Sponge,x
259,Forereef,CBC30N,04/01/2020,680,Jan-20,SPONGV,0,0,Sponge,x
260,Forereef,CBC30N,04/01/2020,680,Jan-20,SPTU,1,0.147058824,Sponge,x
261,Forereef,CBC30N,04/01/2020,680,Jan-20,SRAD,0,0,All Stony Coral,x
262,Forereef,CBC30N,04/01/2020,680,Jan-20,SSID,28,4.117647059,All Stony Coral,SCTLD Suscep. Spp.
263,Forereef,CBC30N,04/01/2020,680,Jan-20,Sand,147,21.61764706,Sand,x
264,Forereef,CBC30N,04/01/2020,680,Jan-20,SpgOth,4,0.588235294,Sponge,x
265,Forereef,CBC30N,04/01/2020,680,Jan-20,TAPE,10,1.470588235,Unidentified,x
266,Forereef,CBC30N,04/01/2020,680,Jan-20,THAL,0,0,Thalassia,x
267,Forereef,CBC30N,04/01/2020,680,Jan-20,Tk Tf,10,1.470588235,Turf Algae,x
268,Forereef,CBC30N,04/01/2020,680,Jan-20,Tn Tf,211,31.02941176,Turf Algae,x
269,Forereef,CBC30N,04/01/2020,680,Jan-20,Turbin,0,0,Macroalgae,x
270,Forereef,CBC30N,04/01/2020,680,Jan-20,Unk,10,1.470588235,Unidentified,x
271,Forereef,CBC30N,24/05/2022,680,May-22,AAGA,3,0.441176471,All Stony Coral,x
272,Forereef,CBC30N,24/05/2022,680,May-22,ACER,0,0,All Stony Coral,x
273,Forereef,CBC30N,24/05/2022,680,May-22,AGAR,0,0,All Stony Coral,x
274,Forereef,CBC30N,24/05/2022,680,May-22,ALAM,0,0,All Stony Coral,x
275,Forereef,CBC30N,24/05/2022,680,May-22,ANTI,62,9.117647059,Octocoral,x
276,Forereef,CBC30N,24/05/2022,680,May-22,ATEN,16,2.352941176,All Stony Coral,x
277,Forereef,CBC30N,24/05/2022,680,May-22,BRAN-CALC,0,0,Macroalgae,x
278,Forereef,CBC30N,24/05/2022,680,May-22,BRIA,0,0,Octocoral,x
279,Forereef,CBC30N,24/05/2022,680,May-22,CCA 1,6,0.882352941,Hard Substrate,x
280,Forereef,CBC30N,24/05/2022,680,May-22,CLIONI,0,0,Sponge,x
281,Forereef,CBC30N,24/05/2022,680,May-22,CNAT,0,0,All Stony Coral,SCTLD Suscep. Spp.
282,Forereef,CBC30N,24/05/2022,680,May-22,CYAN,1,0.147058824,Cyanobacteria,x
283,Forereef,CBC30N,24/05/2022,680,May-22,Cyan red,0,0,Cyanobacteria,x
284,Forereef,CBC30N,24/05/2022,680,May-22,DLAB,0,0,All Stony Coral,SCTLD Suscep. Spp.
285,Forereef,CBC30N,24/05/2022,680,May-22,Dicsp,2,0.294117647,Macroalgae,x
286,Forereef,CBC30N,24/05/2022,680,May-22,ENSP,0,0,Sponge,x
287,Forereef,CBC30N,24/05/2022,680,May-22,EUNI,8,1.176470588,Octocoral,x
288,Forereef,CBC30N,24/05/2022,680,May-22,GORGO,17,2.5,Octocoral,x
289,Forereef,CBC30N,24/05/2022,680,May-22,GVEN,8,1.176470588,Octocoral,x
290,Forereef,CBC30N,24/05/2022,680,May-22,Hal_spp,21,3.088235294,Macroalgae,x
291,Forereef,CBC30N,24/05/2022,680,May-22,LSUB_RUB,36,5.294117647,Rubble,x
292,Forereef,CBC30N,24/05/2022,680,May-22,Lob_spp,0,0,Macroalgae,x
293,Forereef,CBC30N,24/05/2022,680,May-22,MALC,4,0.588235294,All Stony Coral,x
294,Forereef,CBC30N,24/05/2022,680,May-22,MCAV,0,0,All Stony Coral,SCTLD Suscep. Spp.
295,Forereef,CBC30N,24/05/2022,680,May-22,MCOM,0,0,All Stony Coral,x
296,Forereef,CBC30N,24/05/2022,680,May-22,MURI,3,0.441176471,Octocoral,x
297,Forereef,CBC30N,24/05/2022,680,May-22,MURO,0,0,Octocoral,x
298,Forereef,CBC30N,24/05/2022,680,May-22,Macro,52,7.647058824,Macroalgae,x
299,Forereef,CBC30N,24/05/2022,680,May-22,OANN,2,0.294117647,All Stony Coral,SCTLD Suscep. Spp.
300,Forereef,CBC30N,24/05/2022,680,May-22,OFAV,0,0,All Stony Coral,SCTLD Suscep. Spp.
301,Forereef,CBC30N,24/05/2022,680,May-22,Other Inv,0,0,Other Encrusting Invert,x
302,Forereef,CBC30N,24/05/2022,680,May-22,PALY,3,0.441176471,Other Encrusting Invert,x
303,Forereef,CBC30N,24/05/2022,680,May-22,PAST,21,3.088235294,All Stony Coral,x
304,Forereef,CBC30N,24/05/2022,680,May-22,PPOR,0,0,All Stony Coral,x
305,Forereef,CBC30N,24/05/2022,680,May-22,PSEUGORG,0,0,Octocoral,x
306,Forereef,CBC30N,24/05/2022,680,May-22,PSTR,0,0,All Stony Coral,SCTLD Suscep. Spp.
307,Forereef,CBC30N,24/05/2022,680,May-22,PTER,0,0,Octocoral,x
308,Forereef,CBC30N,24/05/2022,680,May-22,SHAD,7,1.029411765,Unidentified,x
309,Forereef,CBC30N,24/05/2022,680,May-22,SINT,0,0,All Stony Coral,SCTLD Suscep. Spp.
310,Forereef,CBC30N,24/05/2022,680,May-22,SINT,1,0.147058824,All Stony Coral,SCTLD Suscep. Spp.
311,Forereef,CBC30N,24/05/2022,680,May-22,SPONGB,0,0,Sponge,x
312,Forereef,CBC30N,24/05/2022,680,May-22,SPONGR,0,0,Sponge,x
313,Forereef,CBC30N,24/05/2022,680,May-22,SPONGV,0,0,Sponge,x
314,Forereef,CBC30N,24/05/2022,680,May-22,SPTU,2,0.294117647,Sponge,x
315,Forereef,CBC30N,24/05/2022,680,May-22,SRAD,0,0,All Stony Coral,x
316,Forereef,CBC30N,24/05/2022,680,May-22,SSID,13,1.911764706,All Stony Coral,SCTLD Suscep. Spp.
317,Forereef,CBC30N,24/05/2022,680,May-22,Sand,117,17.20588235,Sand,x
318,Forereef,CBC30N,24/05/2022,680,May-22,SpgOth,4,0.588235294,Sponge,x
319,Forereef,CBC30N,24/05/2022,680,May-22,TAPE,23,3.382352941,Unidentified,x
320,Forereef,CBC30N,24/05/2022,680,May-22,THAL,0,0,Thalassia,x
321,Forereef,CBC30N,24/05/2022,680,May-22,Tk Tf,22,3.235294118,Turf Algae,x
322,Forereef,CBC30N,24/05/2022,680,May-22,Tn Tf,226,33.23529412,Turf Algae,x
323,Forereef,CBC30N,24/05/2022,680,May-22,Turbin,0,0,Macroalgae,x
324,Forereef,CBC30N,24/05/2022,680,May-22,Unk,0,0,Unidentified,x
325,Forereef,CBC30N,01/12/2022,840,Dec-22,AAGA,2,0.238095238,All Stony Coral,x
326,Forereef,CBC30N,01/12/2022,840,Dec-22,ACER,0,0,All Stony Coral,x
327,Forereef,CBC30N,01/12/2022,840,Dec-22,AGAR,0,0,All Stony Coral,x
328,Forereef,CBC30N,01/12/2022,840,Dec-22,ALAM,1,0.119047619,All Stony Coral,x
329,Forereef,CBC30N,01/12/2022,840,Dec-22,ANTI,0,0,Octocoral,x
330,Forereef,CBC30N,01/12/2022,840,Dec-22,ATEN,4,0.476190476,All Stony Coral,x
331,Forereef,CBC30N,01/12/2022,840,Dec-22,BRAN-CALC,0,0,Macroalgae,x
332,Forereef,CBC30N,01/12/2022,840,Dec-22,BRIA,0,0,Octocoral,x
333,Forereef,CBC30N,01/12/2022,840,Dec-22,CCA 1,0,0,Hard Substrate,x
334,Forereef,CBC30N,01/12/2022,840,Dec-22,CLIONI,2,0.238095238,Sponge,x
335,Forereef,CBC30N,01/12/2022,840,Dec-22,CNAT,0,0,All Stony Coral,SCTLD Suscep. Spp.
336,Forereef,CBC30N,01/12/2022,840,Dec-22,CYAN,3,0.357142857,Cyanobacteria,x
337,Forereef,CBC30N,01/12/2022,840,Dec-22,Cyan red,0,0,Cyanobacteria,x
338,Forereef,CBC30N,01/12/2022,840,Dec-22,DLAB,1,0.119047619,All Stony Coral,SCTLD Suscep. Spp.
339,Forereef,CBC30N,01/12/2022,840,Dec-22,Dicsp,1,0.119047619,Macroalgae,x
340,Forereef,CBC30N,01/12/2022,840,Dec-22,ENSP,0,0,Sponge,x
341,Forereef,CBC30N,01/12/2022,840,Dec-22,EUNI,0,0,Octocoral,x
342,Forereef,CBC30N,01/12/2022,840,Dec-22,GORGO,98,11.66666667,Octocoral,x
343,Forereef,CBC30N,01/12/2022,840,Dec-22,GVEN,5,0.595238095,Octocoral,x
344,Forereef,CBC30N,01/12/2022,840,Dec-22,Hal_spp,2,0.238095238,Macroalgae,x
345,Forereef,CBC30N,01/12/2022,840,Dec-22,LSUB_RUB,79,9.404761905,Rubble,x
346,Forereef,CBC30N,01/12/2022,840,Dec-22,Lob_spp,0,0,Macroalgae,x
347,Forereef,CBC30N,01/12/2022,840,Dec-22,MALC,1,0.119047619,All Stony Coral,x
348,Forereef,CBC30N,01/12/2022,840,Dec-22,MCAV,0,0,All Stony Coral,SCTLD Suscep. Spp.
349,Forereef,CBC30N,01/12/2022,840,Dec-22,MCOM,0,0,All Stony Coral,x
350,Forereef,CBC30N,01/12/2022,840,Dec-22,MURI,0,0,Octocoral,x
351,Forereef,CBC30N,01/12/2022,840,Dec-22,MURO,0,0,Octocoral,x
352,Forereef,CBC30N,01/12/2022,840,Dec-22,Macro,45,5.357142857,Macroalgae,x
353,Forereef,CBC30N,01/12/2022,840,Dec-22,OANN,3,0.357142857,All Stony Coral,SCTLD Suscep. Spp.
354,Forereef,CBC30N,01/12/2022,840,Dec-22,OFAV,0,0,All Stony Coral,SCTLD Suscep. Spp.
355,Forereef,CBC30N,01/12/2022,840,Dec-22,Other Inv,0,0,Other Encrusting Invert,x
356,Forereef,CBC30N,01/12/2022,840,Dec-22,PALY,5,0.595238095,Other Encrusting Invert,x
357,Forereef,CBC30N,01/12/2022,840,Dec-22,PAST,7,0.833333333,All Stony Coral,x
358,Forereef,CBC30N,01/12/2022,840,Dec-22,PPOR,6,0.714285714,All Stony Coral,x
359,Forereef,CBC30N,01/12/2022,840,Dec-22,PSEUGORG,0,0,Octocoral,x
360,Forereef,CBC30N,01/12/2022,840,Dec-22,PSTR,0,0,All Stony Coral,SCTLD Suscep. Spp.
361,Forereef,CBC30N,01/12/2022,840,Dec-22,PTER,0,0,Octocoral,x
362,Forereef,CBC30N,01/12/2022,840,Dec-22,SHAD,0,0,Unidentified,x
363,Forereef,CBC30N,01/12/2022,840,Dec-22,SINT,0,0,All Stony Coral,SCTLD Suscep. Spp.
364,Forereef,CBC30N,01/12/2022,840,Dec-22,SINT,0,0,All Stony Coral,SCTLD Suscep. Spp.
365,Forereef,CBC30N,01/12/2022,840,Dec-22,SPONGB,2,0.238095238,Sponge,x
366,Forereef,CBC30N,01/12/2022,840,Dec-22,SPONGR,0,0,Sponge,x
367,Forereef,CBC30N,01/12/2022,840,Dec-22,SPONGV,0,0,Sponge,x
368,Forereef,CBC30N,01/12/2022,840,Dec-22,SPTU,5,0.595238095,Sponge,x
369,Forereef,CBC30N,01/12/2022,840,Dec-22,SRAD,0,0,All Stony Coral,x
370,Forereef,CBC30N,01/12/2022,840,Dec-22,SSID,3,0.357142857,All Stony Coral,SCTLD Suscep. Spp.
371,Forereef,CBC30N,01/12/2022,840,Dec-22,Sand,94,11.19047619,Sand,x
372,Forereef,CBC30N,01/12/2022,840,Dec-22,SpgOth,7,0.833333333,Sponge,x
373,Forereef,CBC30N,01/12/2022,840,Dec-22,TAPE,25,2.976190476,Unidentified,x
374,Forereef,CBC30N,01/12/2022,840,Dec-22,THAL,0,0,Thalassia,x
375,Forereef,CBC30N,01/12/2022,840,Dec-22,Tk Tf,110,13.0952381,Turf Algae,x
376,Forereef,CBC30N,01/12/2022,840,Dec-22,Tn Tf,329,39.16666667,Turf Algae,x
377,Forereef,CBC30N,01/12/2022,840,Dec-22,Turbin,0,0,Macroalgae,x
378,Forereef,CBC30N,01/12/2022,840,Dec-22,Unk,0,0,Unidentified,x
379,Forereef,SR30N,05/01/2020,640,Jan-20,AAGA,7,1.09375,All Stony Coral,x
380,Forereef,SR30N,05/01/2020,640,Jan-20,ACER,0,0,All Stony Coral,x
381,Forereef,SR30N,05/01/2020,640,Jan-20,AGAR,0,0,All Stony Coral,x
382,Forereef,SR30N,05/01/2020,640,Jan-20,ALAM,0,0,All Stony Coral,x
383,Forereef,SR30N,05/01/2020,640,Jan-20,ANTI,71,11.09375,Octocoral,x
384,Forereef,SR30N,05/01/2020,640,Jan-20,ATEN,17,2.65625,All Stony Coral,x
385,Forereef,SR30N,05/01/2020,640,Jan-20,BRAN-CALC,0,0,Macroalgae,x
386,Forereef,SR30N,05/01/2020,640,Jan-20,BRIA,2,0.3125,Octocoral,x
387,Forereef,SR30N,05/01/2020,640,Jan-20,CCA 1,1,0.15625,Hard Substrate,x
388,Forereef,SR30N,05/01/2020,640,Jan-20,CLIONI,0,0,Sponge,x
389,Forereef,SR30N,05/01/2020,640,Jan-20,CNAT,16,2.5,All Stony Coral,SCTLD Suscep. Spp.
390,Forereef,SR30N,05/01/2020,640,Jan-20,CYAN,0,0,Cyanobacteria,x
391,Forereef,SR30N,05/01/2020,640,Jan-20,Cyan red,0,0,Cyanobacteria,x
392,Forereef,SR30N,05/01/2020,640,Jan-20,DLAB,0,0,All Stony Coral,SCTLD Suscep. Spp.
393,Forereef,SR30N,05/01/2020,640,Jan-20,Dicsp,10,1.5625,Macroalgae,x
394,Forereef,SR30N,05/01/2020,640,Jan-20,ENSP,0,0,Sponge,x
395,Forereef,SR30N,05/01/2020,640,Jan-20,EUNI,7,1.09375,Octocoral,x
396,Forereef,SR30N,05/01/2020,640,Jan-20,GORGO,31,4.84375,Octocoral,x
397,Forereef,SR30N,05/01/2020,640,Jan-20,GVEN,2,0.3125,Octocoral,x
398,Forereef,SR30N,05/01/2020,640,Jan-20,Hal_spp,4,0.625,Macroalgae,x
399,Forereef,SR30N,05/01/2020,640,Jan-20,LSUB_RUB,42,6.5625,Rubble,x
400,Forereef,SR30N,05/01/2020,640,Jan-20,Lob_spp,0,0,Macroalgae,x
401,Forereef,SR30N,05/01/2020,640,Jan-20,MALC,1,0.15625,All Stony Coral,x
402,Forereef,SR30N,05/01/2020,640,Jan-20,MCAV,0,0,All Stony Coral,SCTLD Suscep. Spp.
403,Forereef,SR30N,05/01/2020,640,Jan-20,MCOM,0,0,All Stony Coral,x
404,Forereef,SR30N,05/01/2020,640,Jan-20,MURI,0,0,Octocoral,x
405,Forereef,SR30N,05/01/2020,640,Jan-20,MURO,2,0.3125,Octocoral,x
406,Forereef,SR30N,05/01/2020,640,Jan-20,Macro,42,6.5625,Macroalgae,x
407,Forereef,SR30N,05/01/2020,640,Jan-20,OANN,0,0,All Stony Coral,SCTLD Suscep. Spp.
408,Forereef,SR30N,05/01/2020,640,Jan-20,OFAV,0,0,All Stony Coral,SCTLD Suscep. Spp.
409,Forereef,SR30N,05/01/2020,640,Jan-20,Other Inv,2,0.3125,Other Encrusting Invert,x
410,Forereef,SR30N,05/01/2020,640,Jan-20,PALY,0,0,Other Encrusting Invert,x
411,Forereef,SR30N,05/01/2020,640,Jan-20,PAST,16,2.5,All Stony Coral,x
412,Forereef,SR30N,05/01/2020,640,Jan-20,PPOR,7,1.09375,All Stony Coral,x
413,Forereef,SR30N,05/01/2020,640,Jan-20,PSEUGORG,0,0,Octocoral,x
414,Forereef,SR30N,05/01/2020,640,Jan-20,PSTR,0,0,All Stony Coral,SCTLD Suscep. Spp.
415,Forereef,SR30N,05/01/2020,640,Jan-20,PTER,0,0,Octocoral,x
416,Forereef,SR30N,05/01/2020,640,Jan-20,SHAD,5,0.78125,Unidentified,x
417,Forereef,SR30N,05/01/2020,640,Jan-20,SINT,0,0,All Stony Coral,SCTLD Suscep. Spp.
418,Forereef,SR30N,05/01/2020,640,Jan-20,SINT,0,0,All Stony Coral,SCTLD Suscep. Spp.
419,Forereef,SR30N,05/01/2020,640,Jan-20,SPONGB,0,0,Sponge,x
420,Forereef,SR30N,05/01/2020,640,Jan-20,SPONGR,0,0,Sponge,x
421,Forereef,SR30N,05/01/2020,640,Jan-20,SPONGV,0,0,Sponge,x
422,Forereef,SR30N,05/01/2020,640,Jan-20,SPTU,1,0.15625,Sponge,x
423,Forereef,SR30N,05/01/2020,640,Jan-20,SRAD,0,0,All Stony Coral,x
424,Forereef,SR30N,05/01/2020,640,Jan-20,SSID,3,0.46875,All Stony Coral,SCTLD Suscep. Spp.
425,Forereef,SR30N,05/01/2020,640,Jan-20,Sand,23,3.59375,Sand,x
426,Forereef,SR30N,05/01/2020,640,Jan-20,SpgOth,1,0.15625,Sponge,x
427,Forereef,SR30N,05/01/2020,640,Jan-20,TAPE,9,1.40625,Unidentified,x
428,Forereef,SR30N,05/01/2020,640,Jan-20,THAL,0,0,Thalassia,x
429,Forereef,SR30N,05/01/2020,640,Jan-20,Tk Tf,23,3.59375,Turf Algae,x
430,Forereef,SR30N,05/01/2020,640,Jan-20,Tn Tf,293,45.78125,Turf Algae,x
431,Forereef,SR30N,05/01/2020,640,Jan-20,Turbin,0,0,Macroalgae,x
432,Forereef,SR30N,05/01/2020,640,Jan-20,Unk,2,0.3125,Unidentified,x
433,Forereef,SR30N,26/05/2022,680,May-22,AAGA,3,0.441176471,All Stony Coral,x
434,Forereef,SR30N,26/05/2022,680,May-22,ACER,0,0,All Stony Coral,x
435,Forereef,SR30N,26/05/2022,680,May-22,AGAR,0,0,All Stony Coral,x
436,Forereef,SR30N,26/05/2022,680,May-22,ALAM,0,0,All Stony Coral,x
437,Forereef,SR30N,26/05/2022,680,May-22,ANTI,55,8.088235294,Octocoral,x
438,Forereef,SR30N,26/05/2022,680,May-22,ATEN,22,3.235294118,All Stony Coral,x
439,Forereef,SR30N,26/05/2022,680,May-22,BRAN-CALC,1,0.147058824,Macroalgae,x
440,Forereef,SR30N,26/05/2022,680,May-22,BRIA,1,0.147058824,Octocoral,x
441,Forereef,SR30N,26/05/2022,680,May-22,CCA 1,9,1.323529412,Hard Substrate,x
442,Forereef,SR30N,26/05/2022,680,May-22,CLIONI,0,0,Sponge,x
443,Forereef,SR30N,26/05/2022,680,May-22,CNAT,9,1.323529412,All Stony Coral,SCTLD Suscep. Spp.
444,Forereef,SR30N,26/05/2022,680,May-22,CYAN,1,0.147058824,Cyanobacteria,x
445,Forereef,SR30N,26/05/2022,680,May-22,Cyan red,0,0,Cyanobacteria,x
446,Forereef,SR30N,26/05/2022,680,May-22,DLAB,0,0,All Stony Coral,SCTLD Suscep. Spp.
447,Forereef,SR30N,26/05/2022,680,May-22,Dicsp,21,3.088235294,Macroalgae,x
448,Forereef,SR30N,26/05/2022,680,May-22,ENSP,0,0,Sponge,x
449,Forereef,SR30N,26/05/2022,680,May-22,EUNI,5,0.735294118,Octocoral,x
450,Forereef,SR30N,26/05/2022,680,May-22,GORGO,31,4.558823529,Octocoral,x
451,Forereef,SR30N,26/05/2022,680,May-22,GVEN,9,1.323529412,Octocoral,x
452,Forereef,SR30N,26/05/2022,680,May-22,Hal_spp,5,0.735294118,Macroalgae,x
453,Forereef,SR30N,26/05/2022,680,May-22,LSUB_RUB,38,5.588235294,Rubble,x
454,Forereef,SR30N,26/05/2022,680,May-22,Lob_spp,0,0,Macroalgae,x
455,Forereef,SR30N,26/05/2022,680,May-22,MALC,6,0.882352941,All Stony Coral,x
456,Forereef,SR30N,26/05/2022,680,May-22,MCAV,0,0,All Stony Coral,SCTLD Suscep. Spp.
457,Forereef,SR30N,26/05/2022,680,May-22,MCOM,0,0,All Stony Coral,x
458,Forereef,SR30N,26/05/2022,680,May-22,MURI,0,0,Octocoral,x
459,Forereef,SR30N,26/05/2022,680,May-22,MURO,15,2.205882353,Octocoral,x
460,Forereef,SR30N,26/05/2022,680,May-22,Macro,90,13.23529412,Macroalgae,x
461,Forereef,SR30N,26/05/2022,680,May-22,OANN,0,0,All Stony Coral,SCTLD Suscep. Spp.
462,Forereef,SR30N,26/05/2022,680,May-22,OFAV,1,0.147058824,All Stony Coral,SCTLD Suscep. Spp.
463,Forereef,SR30N,26/05/2022,680,May-22,Other Inv,1,0.147058824,Other Encrusting Invert,x
464,Forereef,SR30N,26/05/2022,680,May-22,PALY,1,0.147058824,Other Encrusting Invert,x
465,Forereef,SR30N,26/05/2022,680,May-22,PAST,5,0.735294118,All Stony Coral,x
466,Forereef,SR30N,26/05/2022,680,May-22,PPOR,5,0.735294118,All Stony Coral,x
467,Forereef,SR30N,26/05/2022,680,May-22,PSEUGORG,0,0,Octocoral,x
468,Forereef,SR30N,26/05/2022,680,May-22,PSTR,6,0.882352941,All Stony Coral,SCTLD Suscep. Spp.
469,Forereef,SR30N,26/05/2022,680,May-22,PTER,0,0,Octocoral,x
470,Forereef,SR30N,26/05/2022,680,May-22,SHAD,0,0,Unidentified,x
471,Forereef,SR30N,26/05/2022,680,May-22,SINT,0,0,All Stony Coral,SCTLD Suscep. Spp.
472,Forereef,SR30N,26/05/2022,680,May-22,SINT,0,0,All Stony Coral,SCTLD Suscep. Spp.
473,Forereef,SR30N,26/05/2022,680,May-22,SPONGB,0,0,Sponge,x
474,Forereef,SR30N,26/05/2022,680,May-22,SPONGR,0,0,Sponge,x
475,Forereef,SR30N,26/05/2022,680,May-22,SPONGV,0,0,Sponge,x
476,Forereef,SR30N,26/05/2022,680,May-22,SPTU,1,0.147058824,Sponge,x
477,Forereef,SR30N,26/05/2022,680,May-22,SRAD,0,0,All Stony Coral,x
478,Forereef,SR30N,26/05/2022,680,May-22,SSID,26,3.823529412,All Stony Coral,SCTLD Suscep. Spp.
479,Forereef,SR30N,26/05/2022,680,May-22,Sand,39,5.735294118,Sand,x
480,Forereef,SR30N,26/05/2022,680,May-22,SpgOth,3,0.441176471,Sponge,x
481,Forereef,SR30N,26/05/2022,680,May-22,TAPE,26,3.823529412,Unidentified,x
482,Forereef,SR30N,26/05/2022,680,May-22,THAL,0,0,Thalassia,x
483,Forereef,SR30N,26/05/2022,680,May-22,Tk Tf,41,6.029411765,Turf Algae,x
484,Forereef,SR30N,26/05/2022,680,May-22,Tn Tf,200,29.41176471,Turf Algae,x
485,Forereef,SR30N,26/05/2022,680,May-22,Turbin,0,0,Macroalgae,x
486,Forereef,SR30N,26/05/2022,680,May-22,Unk,4,0.588235294,Unidentified,x
487,Forereef,SR30N,05/12/2022,840,Dec-22,AAGA,7,0.833333333,All Stony Coral,x
488,Forereef,SR30N,05/12/2022,840,Dec-22,ACER,0,0,All Stony Coral,x
489,Forereef,SR30N,05/12/2022,840,Dec-22,AGAR,0,0,All Stony Coral,x
490,Forereef,SR30N,05/12/2022,840,Dec-22,ALAM,0,0,All Stony Coral,x
491,Forereef,SR30N,05/12/2022,840,Dec-22,ANTI,0,0,Octocoral,x
492,Forereef,SR30N,05/12/2022,840,Dec-22,ATEN,3,0.357142857,All Stony Coral,x
493,Forereef,SR30N,05/12/2022,840,Dec-22,BRAN-CALC,0,0,Macroalgae,x
494,Forereef,SR30N,05/12/2022,840,Dec-22,BRIA,0,0,Octocoral,x
495,Forereef,SR30N,05/12/2022,840,Dec-22,CCA 1,7,0.833333333,Hard Substrate,x
496,Forereef,SR30N,05/12/2022,840,Dec-22,CLIONI,0,0,Sponge,x
497,Forereef,SR30N,05/12/2022,840,Dec-22,CNAT,16,1.904761905,All Stony Coral,SCTLD Suscep. Spp.
498,Forereef,SR30N,05/12/2022,840,Dec-22,CYAN,47,5.595238095,Cyanobacteria,x
499,Forereef,SR30N,05/12/2022,840,Dec-22,Cyan red,0,0,Cyanobacteria,x
500,Forereef,SR30N,05/12/2022,840,Dec-22,DLAB,0,0,All Stony Coral,SCTLD Suscep. Spp.
501,Forereef,SR30N,05/12/2022,840,Dec-22,Dicsp,0,0,Macroalgae,x
502,Forereef,SR30N,05/12/2022,840,Dec-22,ENSP,0,0,Sponge,x
503,Forereef,SR30N,05/12/2022,840,Dec-22,EUNI,0,0,Octocoral,x
504,Forereef,SR30N,05/12/2022,840,Dec-22,GORGO,134,15.95238095,Octocoral,x
505,Forereef,SR30N,05/12/2022,840,Dec-22,GVEN,16,1.904761905,Octocoral,x
506,Forereef,SR30N,05/12/2022,840,Dec-22,Hal_spp,0,0,Macroalgae,x
507,Forereef,SR30N,05/12/2022,840,Dec-22,LSUB_RUB,24,2.857142857,Rubble,x
508,Forereef,SR30N,05/12/2022,840,Dec-22,Lob_spp,0,0,Macroalgae,x
509,Forereef,SR30N,05/12/2022,840,Dec-22,MALC,5,0.595238095,All Stony Coral,x
510,Forereef,SR30N,05/12/2022,840,Dec-22,MCAV,0,0,All Stony Coral,SCTLD Suscep. Spp.
511,Forereef,SR30N,05/12/2022,840,Dec-22,MCOM,0,0,All Stony Coral,x
512,Forereef,SR30N,05/12/2022,840,Dec-22,MURI,0,0,Octocoral,x
513,Forereef,SR30N,05/12/2022,840,Dec-22,MURO,0,0,Octocoral,x
514,Forereef,SR30N,05/12/2022,840,Dec-22,Macro,64,7.619047619,Macroalgae,x
515,Forereef,SR30N,05/12/2022,840,Dec-22,OANN,1,0.119047619,All Stony Coral,SCTLD Suscep. Spp.
516,Forereef,SR30N,05/12/2022,840,Dec-22,OFAV,0,0,All Stony Coral,SCTLD Suscep. Spp.
517,Forereef,SR30N,05/12/2022,840,Dec-22,Other Inv,0,0,Other Encrusting Invert,x
518,Forereef,SR30N,05/12/2022,840,Dec-22,PALY,2,0.238095238,Other Encrusting Invert,x
519,Forereef,SR30N,05/12/2022,840,Dec-22,PAST,2,0.238095238,All Stony Coral,x
520,Forereef,SR30N,05/12/2022,840,Dec-22,PPOR,1,0.119047619,All Stony Coral,x
521,Forereef,SR30N,05/12/2022,840,Dec-22,PSEUGORG,0,0,Octocoral,x
522,Forereef,SR30N,05/12/2022,840,Dec-22,PSTR,2,0.238095238,All Stony Coral,SCTLD Suscep. Spp.
523,Forereef,SR30N,05/12/2022,840,Dec-22,PTER,0,0,Octocoral,x
524,Forereef,SR30N,05/12/2022,840,Dec-22,SHAD,3,0.357142857,Unidentified,x
525,Forereef,SR30N,05/12/2022,840,Dec-22,SINT,0,0,All Stony Coral,SCTLD Suscep. Spp.
526,Forereef,SR30N,05/12/2022,840,Dec-22,SINT,0,0,All Stony Coral,SCTLD Suscep. Spp.
527,Forereef,SR30N,05/12/2022,840,Dec-22,SPONGB,4,0.476190476,Sponge,x
528,Forereef,SR30N,05/12/2022,840,Dec-22,SPONGR,0,0,Sponge,x
529,Forereef,SR30N,05/12/2022,840,Dec-22,SPONGV,0,0,Sponge,x
530,Forereef,SR30N,05/12/2022,840,Dec-22,SPTU,4,0.476190476,Sponge,x
531,Forereef,SR30N,05/12/2022,840,Dec-22,SRAD,0,0,All Stony Coral,x
532,Forereef,SR30N,05/12/2022,840,Dec-22,SSID,3,0.357142857,All Stony Coral,SCTLD Suscep. Spp.
533,Forereef,SR30N,05/12/2022,840,Dec-22,Sand,14,1.666666667,Sand,x
534,Forereef,SR30N,05/12/2022,840,Dec-22,SpgOth,6,0.714285714,Sponge,x
535,Forereef,SR30N,05/12/2022,840,Dec-22,TAPE,70,8.333333333,Unidentified,x
536,Forereef,SR30N,05/12/2022,840,Dec-22,THAL,0,0,Thalassia,x
537,Forereef,SR30N,05/12/2022,840,Dec-22,Tk Tf,135,16.07142857,Turf Algae,x
538,Forereef,SR30N,05/12/2022,840,Dec-22,Tn Tf,269,32.02380952,Turf Algae,x
539,Forereef,SR30N,05/12/2022,840,Dec-22,Turbin,0,0,Macroalgae,x
540,Forereef,SR30N,05/12/2022,840,Dec-22,Unk,1,0.119047619,Unidentified,x
541,Forereef,South Reef Central,04/12/2022,840,Dec-22,AAGA,8,0.952380952,All Stony Coral,x
542,Forereef,South Reef Central,04/12/2022,840,Dec-22,ACER,0,0,All Stony Coral,x
543,Forereef,South Reef Central,04/12/2022,840,Dec-22,AGAR,1,0.119047619,All Stony Coral,x
544,Forereef,South Reef Central,04/12/2022,840,Dec-22,ALAM,0,0,All Stony Coral,x
545,Forereef,South Reef Central,04/12/2022,840,Dec-22,ANTI,79,9.404761905,Octocoral,x
546,Forereef,South Reef Central,04/12/2022,840,Dec-22,ATEN,24,2.857142857,All Stony Coral,x
547,Forereef,South Reef Central,04/12/2022,840,Dec-22,BRAN-CALC,0,0,Macroalgae,x
548,Forereef,South Reef Central,04/12/2022,840,Dec-22,BRIA,0,0,Octocoral,x
549,Forereef,South Reef Central,04/12/2022,840,Dec-22,CCA 1,4,0.476190476,Hard Substrate,x
550,Forereef,South Reef Central,04/12/2022,840,Dec-22,CLIONI,0,0,Sponge,x
551,Forereef,South Reef Central,04/12/2022,840,Dec-22,CNAT,0,0,All Stony Coral,SCTLD Suscep. Spp.
552,Forereef,South Reef Central,04/12/2022,840,Dec-22,CYAN,30,3.571428571,Cyanobacteria,x
553,Forereef,South Reef Central,04/12/2022,840,Dec-22,Cyan red,0,0,Cyanobacteria,x
554,Forereef,South Reef Central,04/12/2022,840,Dec-22,DLAB,0,0,All Stony Coral,SCTLD Suscep. Spp.
555,Forereef,South Reef Central,04/12/2022,840,Dec-22,Dicsp,1,0.119047619,Macroalgae,x
556,Forereef,South Reef Central,04/12/2022,840,Dec-22,ENSP,0,0,Sponge,x
557,Forereef,South Reef Central,04/12/2022,840,Dec-22,EUNI,7,0.833333333,Octocoral,x
558,Forereef,South Reef Central,04/12/2022,840,Dec-22,GORGO,33,3.928571429,Octocoral,x
559,Forereef,South Reef Central,04/12/2022,840,Dec-22,GVEN,6,0.714285714,Octocoral,x
560,Forereef,South Reef Central,04/12/2022,840,Dec-22,Hal_spp,13,1.547619048,Macroalgae,x
561,Forereef,South Reef Central,04/12/2022,840,Dec-22,LSUB_RUB,63,7.5,Rubble,x
562,Forereef,South Reef Central,04/12/2022,840,Dec-22,Lob_spp,0,0,Macroalgae,x
563,Forereef,South Reef Central,04/12/2022,840,Dec-22,MALC,2,0.238095238,All Stony Coral,x
564,Forereef,South Reef Central,04/12/2022,840,Dec-22,MCAV,0,0,All Stony Coral,SCTLD Suscep. Spp.
565,Forereef,South Reef Central,04/12/2022,840,Dec-22,MCOM,0,0,All Stony Coral,x
566,Forereef,South Reef Central,04/12/2022,840,Dec-22,MURI,0,0,Octocoral,x
567,Forereef,South Reef Central,04/12/2022,840,Dec-22,MURO,6,0.714285714,Octocoral,x
568,Forereef,South Reef Central,04/12/2022,840,Dec-22,Macro,68,8.095238095,Macroalgae,x
569,Forereef,South Reef Central,04/12/2022,840,Dec-22,OANN,0,0,All Stony Coral,SCTLD Suscep. Spp.
570,Forereef,South Reef Central,04/12/2022,840,Dec-22,OFAV,5,0.595238095,All Stony Coral,SCTLD Suscep. Spp.
571,Forereef,South Reef Central,04/12/2022,840,Dec-22,Other Inv,0,0,Other Encrusting Invert,x
572,Forereef,South Reef Central,04/12/2022,840,Dec-22,PALY,0,0,Other Encrusting Invert,x
573,Forereef,South Reef Central,04/12/2022,840,Dec-22,PAST,10,1.19047619,All Stony Coral,x
574,Forereef,South Reef Central,04/12/2022,840,Dec-22,PPOR,3,0.357142857,All Stony Coral,x
575,Forereef,South Reef Central,04/12/2022,840,Dec-22,PSEUGORG,0,0,Octocoral,x
576,Forereef,South Reef Central,04/12/2022,840,Dec-22,PSTR,2,0.238095238,All Stony Coral,SCTLD Suscep. Spp.
577,Forereef,South Reef Central,04/12/2022,840,Dec-22,PTER,0,0,Octocoral,x
578,Forereef,South Reef Central,04/12/2022,840,Dec-22,SHAD,6,0.714285714,Unidentified,x
579,Forereef,South Reef Central,04/12/2022,840,Dec-22,SINT,0,0,All Stony Coral,SCTLD Suscep. Spp.
580,Forereef,South Reef Central,04/12/2022,840,Dec-22,SINT,0,0,All Stony Coral,SCTLD Suscep. Spp.
581,Forereef,South Reef Central,04/12/2022,840,Dec-22,SPONGB,17,2.023809524,Sponge,x
582,Forereef,South Reef Central,04/12/2022,840,Dec-22,SPONGR,1,0.119047619,Sponge,x
583,Forereef,South Reef Central,04/12/2022,840,Dec-22,SPONGV,0,0,Sponge,x
584,Forereef,South Reef Central,04/12/2022,840,Dec-22,SPTU,0,0,Sponge,x
585,Forereef,South Reef Central,04/12/2022,840,Dec-22,SRAD,0,0,All Stony Coral,x
586,Forereef,South Reef Central,04/12/2022,840,Dec-22,SSID,7,0.833333333,All Stony Coral,SCTLD Suscep. Spp.
587,Forereef,South Reef Central,04/12/2022,840,Dec-22,Sand,21,2.5,Sand,x
588,Forereef,South Reef Central,04/12/2022,840,Dec-22,SpgOth,1,0.119047619,Sponge,x
589,Forereef,South Reef Central,04/12/2022,840,Dec-22,TAPE,32,3.80952381,Unidentified,x
590,Forereef,South Reef Central,04/12/2022,840,Dec-22,THAL,0,0,Thalassia,x
591,Forereef,South Reef Central,04/12/2022,840,Dec-22,Tk Tf,85,10.11904762,Turf Algae,x
592,Forereef,South Reef Central,04/12/2022,840,Dec-22,Tn Tf,303,36.07142857,Turf Algae,x
593,Forereef,South Reef Central,04/12/2022,840,Dec-22,Turbin,0,0,Macroalgae,x
594,Forereef,South Reef Central,04/12/2022,840,Dec-22,Unk,2,0.238095238,Unidentified,x
595,Forereef,South Reef Central,21/05/2022,840,May-22,AAGA,7,0.833333333,All Stony Coral,x
596,Forereef,South Reef Central,21/05/2022,840,May-22,ACER,3,0.357142857,All Stony Coral,x
597,Forereef,South Reef Central,21/05/2022,840,May-22,AGAR,0,0,All Stony Coral,x
598,Forereef,South Reef Central,21/05/2022,840,May-22,ALAM,0,0,All Stony Coral,x
599,Forereef,South Reef Central,21/05/2022,840,May-22,ANTI,87,10.35714286,Octocoral,x
600,Forereef,South Reef Central,21/05/2022,840,May-22,ATEN,14,1.666666667,All Stony Coral,x
601,Forereef,South Reef Central,21/05/2022,840,May-22,BRAN-CALC,0,0,Macroalgae,x
602,Forereef,South Reef Central,21/05/2022,840,May-22,BRIA,0,0,Octocoral,x
603,Forereef,South Reef Central,21/05/2022,840,May-22,CCA 1,0,0,Hard Substrate,x
604,Forereef,South Reef Central,21/05/2022,840,May-22,CLIONI,0,0,Sponge,x
605,Forereef,South Reef Central,21/05/2022,840,May-22,CNAT,0,0,All Stony Coral,SCTLD Suscep. Spp.
606,Forereef,South Reef Central,21/05/2022,840,May-22,CYAN,6,0.714285714,Cyanobacteria,x
607,Forereef,South Reef Central,21/05/2022,840,May-22,Cyan red,0,0,Cyanobacteria,x
608,Forereef,South Reef Central,21/05/2022,840,May-22,DLAB,0,0,All Stony Coral,SCTLD Suscep. Spp.
609,Forereef,South Reef Central,21/05/2022,840,May-22,Dicsp,8,0.952380952,Macroalgae,x
610,Forereef,South Reef Central,21/05/2022,840,May-22,ENSP,0,0,Sponge,x
611,Forereef,South Reef Central,21/05/2022,840,May-22,EUNI,0,0,Octocoral,x
612,Forereef,South Reef Central,21/05/2022,840,May-22,GORGO,39,4.642857143,Octocoral,x
613,Forereef,South Reef Central,21/05/2022,840,May-22,GVEN,14,1.666666667,Octocoral,x
614,Forereef,South Reef Central,21/05/2022,840,May-22,Hal_spp,2,0.238095238,Macroalgae,x
615,Forereef,South Reef Central,21/05/2022,840,May-22,LSUB_RUB,73,8.69047619,Rubble,x
616,Forereef,South Reef Central,21/05/2022,840,May-22,Lob_spp,0,0,Macroalgae,x
617,Forereef,South Reef Central,21/05/2022,840,May-22,MALC,4,0.476190476,All Stony Coral,x
618,Forereef,South Reef Central,21/05/2022,840,May-22,MCAV,0,0,All Stony Coral,SCTLD Suscep. Spp.
619,Forereef,South Reef Central,21/05/2022,840,May-22,MCOM,0,0,All Stony Coral,x
620,Forereef,South Reef Central,21/05/2022,840,May-22,MURI,0,0,Octocoral,x
621,Forereef,South Reef Central,21/05/2022,840,May-22,MURO,6,0.714285714,Octocoral,x
622,Forereef,South Reef Central,21/05/2022,840,May-22,Macro,114,13.57142857,Macroalgae,x
623,Forereef,South Reef Central,21/05/2022,840,May-22,OANN,0,0,All Stony Coral,SCTLD Suscep. Spp.
624,Forereef,South Reef Central,21/05/2022,840,May-22,OFAV,0,0,All Stony Coral,SCTLD Suscep. Spp.
625,Forereef,South Reef Central,21/05/2022,840,May-22,Other Inv,1,0.119047619,Other Encrusting Invert,x
626,Forereef,South Reef Central,21/05/2022,840,May-22,PALY,0,0,Other Encrusting Invert,x
627,Forereef,South Reef Central,21/05/2022,840,May-22,PAST,9,1.071428571,All Stony Coral,x
628,Forereef,South Reef Central,21/05/2022,840,May-22,PPOR,6,0.714285714,All Stony Coral,x
629,Forereef,South Reef Central,21/05/2022,840,May-22,PSEUGORG,0,0,Octocoral,x
630,Forereef,South Reef Central,21/05/2022,840,May-22,PSTR,0,0,All Stony Coral,SCTLD Suscep. Spp.
631,Forereef,South Reef Central,21/05/2022,840,May-22,PTER,0,0,Octocoral,x
632,Forereef,South Reef Central,21/05/2022,840,May-22,SHAD,2,0.238095238,Unidentified,x
633,Forereef,South Reef Central,21/05/2022,840,May-22,SINT,0,0,All Stony Coral,SCTLD Suscep. Spp.
634,Forereef,South Reef Central,21/05/2022,840,May-22,SINT,1,0.119047619,All Stony Coral,SCTLD Suscep. Spp.
635,Forereef,South Reef Central,21/05/2022,840,May-22,SPONGB,11,1.30952381,Sponge,x
636,Forereef,South Reef Central,21/05/2022,840,May-22,SPONGR,0,0,Sponge,x
637,Forereef,South Reef Central,21/05/2022,840,May-22,SPONGV,0,0,Sponge,x
638,Forereef,South Reef Central,21/05/2022,840,May-22,SPTU,0,0,Sponge,x
639,Forereef,South Reef Central,21/05/2022,840,May-22,SRAD,0,0,All Stony Coral,x
640,Forereef,South Reef Central,21/05/2022,840,May-22,SSID,5,0.595238095,All Stony Coral,SCTLD Suscep. Spp.
641,Forereef,South Reef Central,21/05/2022,840,May-22,Sand,51,6.071428571,Sand,x
642,Forereef,South Reef Central,21/05/2022,840,May-22,SpgOth,1,0.119047619,Sponge,x
643,Forereef,South Reef Central,21/05/2022,840,May-22,TAPE,38,4.523809524,Unidentified,x
644,Forereef,South Reef Central,21/05/2022,840,May-22,THAL,0,0,Thalassia,x
645,Forereef,South Reef Central,21/05/2022,840,May-22,Tk Tf,62,7.380952381,Turf Algae,x
646,Forereef,South Reef Central,21/05/2022,840,May-22,Tn Tf,272,32.38095238,Turf Algae,x
647,Forereef,South Reef Central,21/05/2022,840,May-22,Turbin,0,0,Macroalgae,x
648,Forereef,South Reef Central,21/05/2022,840,May-22,Unk,4,0.476190476,Unidentified,x
649,Forereef,South Reef Central,06/10/2019,840,Oct-19,AAGA,7,0.833333333,All Stony Coral,x
650,Forereef,South Reef Central,06/10/2019,840,Oct-19,ACER,0,0,All Stony Coral,x
651,Forereef,South Reef Central,06/10/2019,840,Oct-19,AGAR,0,0,All Stony Coral,x
652,Forereef,South Reef Central,06/10/2019,840,Oct-19,ALAM,0,0,All Stony Coral,x
653,Forereef,South Reef Central,06/10/2019,840,Oct-19,ANTI,90,10.71428571,Octocoral,x
654,Forereef,South Reef Central,06/10/2019,840,Oct-19,ATEN,18,2.142857143,All Stony Coral,x
655,Forereef,South Reef Central,06/10/2019,840,Oct-19,BRAN-CALC,0,0,Macroalgae,x
656,Forereef,South Reef Central,06/10/2019,840,Oct-19,BRIA,1,0.119047619,Octocoral,x
657,Forereef,South Reef Central,06/10/2019,840,Oct-19,CCA 1,0,0,Hard Substrate,x
658,Forereef,South Reef Central,06/10/2019,840,Oct-19,CLIONI,4,0.476190476,Sponge,x
659,Forereef,South Reef Central,06/10/2019,840,Oct-19,CNAT,0,0,All Stony Coral,SCTLD Suscep. Spp.
660,Forereef,South Reef Central,06/10/2019,840,Oct-19,CYAN,3,0.357142857,Cyanobacteria,x
661,Forereef,South Reef Central,06/10/2019,840,Oct-19,Cyan red,0,0,Cyanobacteria,x
662,Forereef,South Reef Central,06/10/2019,840,Oct-19,DLAB,0,0,All Stony Coral,SCTLD Suscep. Spp.
663,Forereef,South Reef Central,06/10/2019,840,Oct-19,Dicsp,67,7.976190476,Macroalgae,x
664,Forereef,South Reef Central,06/10/2019,840,Oct-19,ENSP,0,0,Sponge,x
665,Forereef,South Reef Central,06/10/2019,840,Oct-19,EUNI,4,0.476190476,Octocoral,x
666,Forereef,South Reef Central,06/10/2019,840,Oct-19,GORGO,13,1.547619048,Octocoral,x
667,Forereef,South Reef Central,06/10/2019,840,Oct-19,GVEN,6,0.714285714,Octocoral,x
668,Forereef,South Reef Central,06/10/2019,840,Oct-19,Hal_spp,13,1.547619048,Macroalgae,x
669,Forereef,South Reef Central,06/10/2019,840,Oct-19,LSUB_RUB,53,6.30952381,Rubble,x
670,Forereef,South Reef Central,06/10/2019,840,Oct-19,Lob_spp,5,0.595238095,Macroalgae,x
671,Forereef,South Reef Central,06/10/2019,840,Oct-19,MALC,3,0.357142857,All Stony Coral,x
672,Forereef,South Reef Central,06/10/2019,840,Oct-19,MCAV,14,1.666666667,All Stony Coral,SCTLD Suscep. Spp.
673,Forereef,South Reef Central,06/10/2019,840,Oct-19,MCOM,0,0,All Stony Coral,x
674,Forereef,South Reef Central,06/10/2019,840,Oct-19,MURI,0,0,Octocoral,x
675,Forereef,South Reef Central,06/10/2019,840,Oct-19,MURO,0,0,Octocoral,x
676,Forereef,South Reef Central,06/10/2019,840,Oct-19,Macro,87,10.35714286,Macroalgae,x
677,Forereef,South Reef Central,06/10/2019,840,Oct-19,OANN,0,0,All Stony Coral,SCTLD Suscep. Spp.
678,Forereef,South Reef Central,06/10/2019,840,Oct-19,OFAV,1,0.119047619,All Stony Coral,SCTLD Suscep. Spp.
679,Forereef,South Reef Central,06/10/2019,840,Oct-19,Other Inv,1,0.119047619,Other Encrusting Invert,x
680,Forereef,South Reef Central,06/10/2019,840,Oct-19,PALY,1,0.119047619,Other Encrusting Invert,x
681,Forereef,South Reef Central,06/10/2019,840,Oct-19,PAST,6,0.714285714,All Stony Coral,x
682,Forereef,South Reef Central,06/10/2019,840,Oct-19,PPOR,2,0.238095238,All Stony Coral,x
683,Forereef,South Reef Central,06/10/2019,840,Oct-19,PSEUGORG,0,0,Octocoral,x
684,Forereef,South Reef Central,06/10/2019,840,Oct-19,PSTR,8,0.952380952,All Stony Coral,SCTLD Suscep. Spp.
685,Forereef,South Reef Central,06/10/2019,840,Oct-19,PTER,0,0,Octocoral,x
686,Forereef,South Reef Central,06/10/2019,840,Oct-19,SHAD,2,0.238095238,Unidentified,x
687,Forereef,South Reef Central,06/10/2019,840,Oct-19,SINT,1,0.119047619,All Stony Coral,SCTLD Suscep. Spp.
688,Forereef,South Reef Central,06/10/2019,840,Oct-19,SINT,0,0,All Stony Coral,SCTLD Suscep. Spp.
689,Forereef,South Reef Central,06/10/2019,840,Oct-19,SPONGB,18,2.142857143,Sponge,x
690,Forereef,South Reef Central,06/10/2019,840,Oct-19,SPONGR,0,0,Sponge,x
691,Forereef,South Reef Central,06/10/2019,840,Oct-19,SPONGV,1,0.119047619,Sponge,x
692,Forereef,South Reef Central,06/10/2019,840,Oct-19,SPTU,3,0.357142857,Sponge,x
693,Forereef,South Reef Central,06/10/2019,840,Oct-19,SRAD,0,0,All Stony Coral,x
694,Forereef,South Reef Central,06/10/2019,840,Oct-19,SSID,11,1.30952381,All Stony Coral,SCTLD Suscep. Spp.
695,Forereef,South Reef Central,06/10/2019,840,Oct-19,Sand,71,8.452380952,Sand,x
696,Forereef,South Reef Central,06/10/2019,840,Oct-19,SpgOth,3,0.357142857,Sponge,x
697,Forereef,South Reef Central,06/10/2019,840,Oct-19,TAPE,25,2.976190476,Unidentified,x
698,Forereef,South Reef Central,06/10/2019,840,Oct-19,THAL,0,0,Thalassia,x
699,Forereef,South Reef Central,06/10/2019,840,Oct-19,Tk Tf,118,14.04761905,Turf Algae,x
700,Forereef,South Reef Central,06/10/2019,840,Oct-19,Tn Tf,175,20.83333333,Turf Algae,x
701,Forereef,South Reef Central,06/10/2019,840,Oct-19,Turbin,1,0.119047619,Macroalgae,x
702,Forereef,South Reef Central,06/10/2019,840,Oct-19,Unk,4,0.476190476,Unidentified,x
703,Patch Reef,CBC Lagoon,19/05/2022,840,May-22,AAGA,3,0.357142857,All Stony Coral,x
704,Patch Reef,CBC Lagoon,19/05/2022,840,May-22,ACER,0,0,All Stony Coral,x
705,Patch Reef,CBC Lagoon,19/05/2022,840,May-22,AGAR,0,0,All Stony Coral,x
706,Patch Reef,CBC Lagoon,19/05/2022,840,May-22,ALAM,0,0,All Stony Coral,x
707,Patch Reef,CBC Lagoon,19/05/2022,840,May-22,ANTI,5,0.595238095,Octocoral,x
708,Patch Reef,CBC Lagoon,19/05/2022,840,May-22,ATEN,75,8.928571429,All Stony Coral,x
709,Patch Reef,CBC Lagoon,19/05/2022,840,May-22,BRAN-CALC,0,0,Macroalgae,x
710,Patch Reef,CBC Lagoon,19/05/2022,840,May-22,BRIA,0,0,Octocoral,x
711,Patch Reef,CBC Lagoon,19/05/2022,840,May-22,CCA 1,11,1.30952381,Hard Substrate,x
712,Patch Reef,CBC Lagoon,19/05/2022,840,May-22,CLIONI,1,0.119047619,Sponge,x
713,Patch Reef,CBC Lagoon,19/05/2022,840,May-22,CNAT,0,0,All Stony Coral,SCTLD Suscep. Spp.
714,Patch Reef,CBC Lagoon,19/05/2022,840,May-22,CYAN,0,0,Cyanobacteria,x
715,Patch Reef,CBC Lagoon,19/05/2022,840,May-22,Cyan red,0,0,Cyanobacteria,x
716,Patch Reef,CBC Lagoon,19/05/2022,840,May-22,DLAB,0,0,All Stony Coral,SCTLD Suscep. Spp.
717,Patch Reef,CBC Lagoon,19/05/2022,840,May-22,Dicsp,0,0,Macroalgae,x
718,Patch Reef,CBC Lagoon,19/05/2022,840,May-22,ENSP,0,0,Sponge,x
719,Patch Reef,CBC Lagoon,19/05/2022,840,May-22,EUNI,0,0,Octocoral,x
720,Patch Reef,CBC Lagoon,19/05/2022,840,May-22,GORGO,11,1.30952381,Octocoral,x
721,Patch Reef,CBC Lagoon,19/05/2022,840,May-22,GVEN,0,0,Octocoral,x
722,Patch Reef,CBC Lagoon,19/05/2022,840,May-22,Hal_spp,19,2.261904762,Macroalgae,x
723,Patch Reef,CBC Lagoon,19/05/2022,840,May-22,LSUB_RUB,65,7.738095238,Rubble,x
724,Patch Reef,CBC Lagoon,19/05/2022,840,May-22,Lob_spp,0,0,Macroalgae,x
725,Patch Reef,CBC Lagoon,19/05/2022,840,May-22,MALC,14,1.666666667,All Stony Coral,x
726,Patch Reef,CBC Lagoon,19/05/2022,840,May-22,MCAV,6,0.714285714,All Stony Coral,SCTLD Suscep. Spp.
727,Patch Reef,CBC Lagoon,19/05/2022,840,May-22,MCOM,0,0,All Stony Coral,x
728,Patch Reef,CBC Lagoon,19/05/2022,840,May-22,MURI,0,0,Octocoral,x
729,Patch Reef,CBC Lagoon,19/05/2022,840,May-22,MURO,0,0,Octocoral,x
730,Patch Reef,CBC Lagoon,19/05/2022,840,May-22,Macro,73,8.69047619,Macroalgae,x
731,Patch Reef,CBC Lagoon,19/05/2022,840,May-22,OANN,12,1.428571429,All Stony Coral,SCTLD Suscep. Spp.
732,Patch Reef,CBC Lagoon,19/05/2022,840,May-22,OFAV,0,0,All Stony Coral,SCTLD Suscep. Spp.
733,Patch Reef,CBC Lagoon,19/05/2022,840,May-22,Other Inv,1,0.119047619,Other Encrusting Invert,x
734,Patch Reef,CBC Lagoon,19/05/2022,840,May-22,PALY,0,0,Other Encrusting Invert,x
735,Patch Reef,CBC Lagoon,19/05/2022,840,May-22,PAST,8,0.952380952,All Stony Coral,x
736,Patch Reef,CBC Lagoon,19/05/2022,840,May-22,PPOR,2,0.238095238,All Stony Coral,x
737,Patch Reef,CBC Lagoon,19/05/2022,840,May-22,PSEUGORG,8,0.952380952,Octocoral,x
738,Patch Reef,CBC Lagoon,19/05/2022,840,May-22,PSTR,0,0,All Stony Coral,SCTLD Suscep. Spp.
739,Patch Reef,CBC Lagoon,19/05/2022,840,May-22,PTER,4,0.476190476,Octocoral,x
740,Patch Reef,CBC Lagoon,19/05/2022,840,May-22,SHAD,2,0.238095238,Unidentified,x
741,Patch Reef,CBC Lagoon,19/05/2022,840,May-22,SINT,0,0,All Stony Coral,SCTLD Suscep. Spp.
742,Patch Reef,CBC Lagoon,19/05/2022,840,May-22,SINT,0,0,All Stony Coral,SCTLD Suscep. Spp.
743,Patch Reef,CBC Lagoon,19/05/2022,840,May-22,SPONGB,0,0,Sponge,x
744,Patch Reef,CBC Lagoon,19/05/2022,840,May-22,SPONGR,0,0,Sponge,x
745,Patch Reef,CBC Lagoon,19/05/2022,840,May-22,SPONGV,1,0.119047619,Sponge,x
746,Patch Reef,CBC Lagoon,19/05/2022,840,May-22,SPTU,60,7.142857143,Sponge,x
747,Patch Reef,CBC Lagoon,19/05/2022,840,May-22,SRAD,0,0,All Stony Coral,x
748,Patch Reef,CBC Lagoon,19/05/2022,840,May-22,SSID,10,1.19047619,All Stony Coral,SCTLD Suscep. Spp.
749,Patch Reef,CBC Lagoon,19/05/2022,840,May-22,Sand,60,7.142857143,Sand,x
750,Patch Reef,CBC Lagoon,19/05/2022,840,May-22,SpgOth,23,2.738095238,Sponge,x
751,Patch Reef,CBC Lagoon,19/05/2022,840,May-22,TAPE,68,8.095238095,Unidentified,x
752,Patch Reef,CBC Lagoon,19/05/2022,840,May-22,THAL,0,0,Thalassia,x
753,Patch Reef,CBC Lagoon,19/05/2022,840,May-22,Tk Tf,42,5,Turf Algae,x
754,Patch Reef,CBC Lagoon,19/05/2022,840,May-22,Tn Tf,248,29.52380952,Turf Algae,x
755,Patch Reef,CBC Lagoon,19/05/2022,840,May-22,Turbin,0,0,Macroalgae,x
756,Patch Reef,CBC Lagoon,19/05/2022,840,May-22,Unk,8,0.952380952,Unidentified,x
757,Patch Reef,CBC Lagoon,01/10/2019,840,Oct-19,AAGA,0,0,All Stony Coral,x
758,Patch Reef,CBC Lagoon,01/10/2019,840,Oct-19,ACER,0,0,All Stony Coral,x
759,Patch Reef,CBC Lagoon,01/10/2019,840,Oct-19,AGAR,0,0,All Stony Coral,x
760,Patch Reef,CBC Lagoon,01/10/2019,840,Oct-19,ALAM,0,0,All Stony Coral,x
761,Patch Reef,CBC Lagoon,01/10/2019,840,Oct-19,ANTI,2,0.238095238,Octocoral,x
762,Patch Reef,CBC Lagoon,01/10/2019,840,Oct-19,ATEN,157,18.69047619,All Stony Coral,x
763,Patch Reef,CBC Lagoon,01/10/2019,840,Oct-19,BRAN-CALC,0,0,Macroalgae,x
764,Patch Reef,CBC Lagoon,01/10/2019,840,Oct-19,BRIA,1,0.119047619,Octocoral,x
765,Patch Reef,CBC Lagoon,01/10/2019,840,Oct-19,CCA 1,3,0.357142857,Hard Substrate,x
766,Patch Reef,CBC Lagoon,01/10/2019,840,Oct-19,CLIONI,6,0.714285714,Sponge,x
767,Patch Reef,CBC Lagoon,01/10/2019,840,Oct-19,CNAT,0,0,All Stony Coral,SCTLD Suscep. Spp.
768,Patch Reef,CBC Lagoon,01/10/2019,840,Oct-19,CYAN,0,0,Cyanobacteria,x
769,Patch Reef,CBC Lagoon,01/10/2019,840,Oct-19,Cyan red,10,1.19047619,Cyanobacteria,x
770,Patch Reef,CBC Lagoon,01/10/2019,840,Oct-19,DLAB,0,0,All Stony Coral,SCTLD Suscep. Spp.
771,Patch Reef,CBC Lagoon,01/10/2019,840,Oct-19,Dicsp,0,0,Macroalgae,x
772,Patch Reef,CBC Lagoon,01/10/2019,840,Oct-19,ENSP,0,0,Sponge,x
773,Patch Reef,CBC Lagoon,01/10/2019,840,Oct-19,EUNI,8,0.952380952,Octocoral,x
774,Patch Reef,CBC Lagoon,01/10/2019,840,Oct-19,GORGO,6,0.714285714,Octocoral,x
775,Patch Reef,CBC Lagoon,01/10/2019,840,Oct-19,GVEN,2,0.238095238,Octocoral,x
776,Patch Reef,CBC Lagoon,01/10/2019,840,Oct-19,Hal_spp,30,3.571428571,Macroalgae,x
777,Patch Reef,CBC Lagoon,01/10/2019,840,Oct-19,LSUB_RUB,46,5.476190476,Rubble,x
778,Patch Reef,CBC Lagoon,01/10/2019,840,Oct-19,Lob_spp,0,0,Macroalgae,x
779,Patch Reef,CBC Lagoon,01/10/2019,840,Oct-19,MALC,11,1.30952381,All Stony Coral,x
780,Patch Reef,CBC Lagoon,01/10/2019,840,Oct-19,MCAV,1,0.119047619,All Stony Coral,SCTLD Suscep. Spp.
781,Patch Reef,CBC Lagoon,01/10/2019,840,Oct-19,MCOM,2,0.238095238,All Stony Coral,x
782,Patch Reef,CBC Lagoon,01/10/2019,840,Oct-19,MURI,0,0,Octocoral,x
783,Patch Reef,CBC Lagoon,01/10/2019,840,Oct-19,MURO,0,0,Octocoral,x
784,Patch Reef,CBC Lagoon,01/10/2019,840,Oct-19,Macro,52,6.19047619,Macroalgae,x
785,Patch Reef,CBC Lagoon,01/10/2019,840,Oct-19,OANN,2,0.238095238,All Stony Coral,SCTLD Suscep. Spp.
786,Patch Reef,CBC Lagoon,01/10/2019,840,Oct-19,OFAV,1,0.119047619,All Stony Coral,SCTLD Suscep. Spp.
787,Patch Reef,CBC Lagoon,01/10/2019,840,Oct-19,Other Inv,1,0.119047619,Other Encrusting Invert,x
788,Patch Reef,CBC Lagoon,01/10/2019,840,Oct-19,PALY,2,0.238095238,Other Encrusting Invert,x
789,Patch Reef,CBC Lagoon,01/10/2019,840,Oct-19,PAST,7,0.833333333,All Stony Coral,x
790,Patch Reef,CBC Lagoon,01/10/2019,840,Oct-19,PPOR,4,0.476190476,All Stony Coral,x
791,Patch Reef,CBC Lagoon,01/10/2019,840,Oct-19,PSEUGORG,33,3.928571429,Octocoral,x
792,Patch Reef,CBC Lagoon,01/10/2019,840,Oct-19,PSTR,0,0,All Stony Coral,SCTLD Suscep. Spp.
793,Patch Reef,CBC Lagoon,01/10/2019,840,Oct-19,PTER,2,0.238095238,Octocoral,x
794,Patch Reef,CBC Lagoon,01/10/2019,840,Oct-19,SHAD,11,1.30952381,Unidentified,x
795,Patch Reef,CBC Lagoon,01/10/2019,840,Oct-19,SINT,0,0,All Stony Coral,SCTLD Suscep. Spp.
796,Patch Reef,CBC Lagoon,01/10/2019,840,Oct-19,SINT,1,0.119047619,All Stony Coral,SCTLD Suscep. Spp.
797,Patch Reef,CBC Lagoon,01/10/2019,840,Oct-19,SPONGB,0,0,Sponge,x
798,Patch Reef,CBC Lagoon,01/10/2019,840,Oct-19,SPONGR,0,0,Sponge,x
799,Patch Reef,CBC Lagoon,01/10/2019,840,Oct-19,SPONGV,5,0.595238095,Sponge,x
800,Patch Reef,CBC Lagoon,01/10/2019,840,Oct-19,SPTU,65,7.738095238,Sponge,x
801,Patch Reef,CBC Lagoon,01/10/2019,840,Oct-19,SRAD,0,0,All Stony Coral,x
802,Patch Reef,CBC Lagoon,01/10/2019,840,Oct-19,SSID,31,3.69047619,All Stony Coral,SCTLD Suscep. Spp.
803,Patch Reef,CBC Lagoon,01/10/2019,840,Oct-19,Sand,93,11.07142857,Sand,x
804,Patch Reef,CBC Lagoon,01/10/2019,840,Oct-19,SpgOth,14,1.666666667,Sponge,x
805,Patch Reef,CBC Lagoon,01/10/2019,840,Oct-19,TAPE,28,3.333333333,Unidentified,x
806,Patch Reef,CBC Lagoon,01/10/2019,840,Oct-19,THAL,0,0,Thalassia,x
807,Patch Reef,CBC Lagoon,01/10/2019,840,Oct-19,Tk Tf,64,7.619047619,Turf Algae,x
808,Patch Reef,CBC Lagoon,01/10/2019,840,Oct-19,Tn Tf,135,16.07142857,Turf Algae,x
809,Patch Reef,CBC Lagoon,01/10/2019,840,Oct-19,Turbin,0,0,Macroalgae,x
810,Patch Reef,CBC Lagoon,01/10/2019,840,Oct-19,Unk,4,0.476190476,Unidentified,x
811,Patch Reef,Curlew Patch,19/05/2022,800,May-22,AAGA,6,0.75,All Stony Coral,x
812,Patch Reef,Curlew Patch,19/05/2022,800,May-22,ACER,0,0,All Stony Coral,x
813,Patch Reef,Curlew Patch,19/05/2022,800,May-22,AGAR,0,0,All Stony Coral,x
814,Patch Reef,Curlew Patch,19/05/2022,800,May-22,ALAM,0,0,All Stony Coral,x
815,Patch Reef,Curlew Patch,19/05/2022,800,May-22,ANTI,0,0,Octocoral,x
816,Patch Reef,Curlew Patch,19/05/2022,800,May-22,ATEN,37,4.625,All Stony Coral,x
817,Patch Reef,Curlew Patch,19/05/2022,800,May-22,BRAN-CALC,0,0,Macroalgae,x
818,Patch Reef,Curlew Patch,19/05/2022,800,May-22,BRIA,0,0,Octocoral,x
819,Patch Reef,Curlew Patch,19/05/2022,800,May-22,CCA 1,0,0,Hard Substrate,x
820,Patch Reef,Curlew Patch,19/05/2022,800,May-22,CLIONI,0,0,Sponge,x
821,Patch Reef,Curlew Patch,19/05/2022,800,May-22,CNAT,0,0,All Stony Coral,SCTLD Suscep. Spp.
822,Patch Reef,Curlew Patch,19/05/2022,800,May-22,CYAN,0,0,Cyanobacteria,x
823,Patch Reef,Curlew Patch,19/05/2022,800,May-22,Cyan red,0,0,Cyanobacteria,x
824,Patch Reef,Curlew Patch,19/05/2022,800,May-22,DLAB,0,0,All Stony Coral,SCTLD Suscep. Spp.
825,Patch Reef,Curlew Patch,19/05/2022,800,May-22,Dicsp,18,2.25,Macroalgae,x
826,Patch Reef,Curlew Patch,19/05/2022,800,May-22,ENSP,0,0,Sponge,x
827,Patch Reef,Curlew Patch,19/05/2022,800,May-22,EUNI,0,0,Octocoral,x
828,Patch Reef,Curlew Patch,19/05/2022,800,May-22,GORGO,0,0,Octocoral,x
829,Patch Reef,Curlew Patch,19/05/2022,800,May-22,GVEN,9,1.125,Octocoral,x
830,Patch Reef,Curlew Patch,19/05/2022,800,May-22,Hal_spp,2,0.25,Macroalgae,x
831,Patch Reef,Curlew Patch,19/05/2022,800,May-22,LSUB_RUB,29,3.625,Rubble,x
832,Patch Reef,Curlew Patch,19/05/2022,800,May-22,Lob_spp,0,0,Macroalgae,x
833,Patch Reef,Curlew Patch,19/05/2022,800,May-22,MALC,1,0.125,All Stony Coral,x
834,Patch Reef,Curlew Patch,19/05/2022,800,May-22,MCAV,1,0.125,All Stony Coral,SCTLD Suscep. Spp.
835,Patch Reef,Curlew Patch,19/05/2022,800,May-22,MCOM,1,0.125,All Stony Coral,x
836,Patch Reef,Curlew Patch,19/05/2022,800,May-22,MURI,0,0,Octocoral,x
837,Patch Reef,Curlew Patch,19/05/2022,800,May-22,MURO,0,0,Octocoral,x
838,Patch Reef,Curlew Patch,19/05/2022,800,May-22,Macro,250,31.25,Macroalgae,x
839,Patch Reef,Curlew Patch,19/05/2022,800,May-22,OANN,0,0,All Stony Coral,SCTLD Suscep. Spp.
840,Patch Reef,Curlew Patch,19/05/2022,800,May-22,OFAV,0,0,All Stony Coral,SCTLD Suscep. Spp.
841,Patch Reef,Curlew Patch,19/05/2022,800,May-22,Other Inv,1,0.125,Other Encrusting Invert,x
842,Patch Reef,Curlew Patch,19/05/2022,800,May-22,PALY,0,0,Other Encrusting Invert,x
843,Patch Reef,Curlew Patch,19/05/2022,800,May-22,PAST,9,1.125,All Stony Coral,x
844,Patch Reef,Curlew Patch,19/05/2022,800,May-22,PPOR,2,0.25,All Stony Coral,x
845,Patch Reef,Curlew Patch,19/05/2022,800,May-22,PSEUGORG,0,0,Octocoral,x
846,Patch Reef,Curlew Patch,19/05/2022,800,May-22,PSTR,0,0,All Stony Coral,SCTLD Suscep. Spp.
847,Patch Reef,Curlew Patch,19/05/2022,800,May-22,PTER,0,0,Octocoral,x
848,Patch Reef,Curlew Patch,19/05/2022,800,May-22,SHAD,2,0.25,Unidentified,x
849,Patch Reef,Curlew Patch,19/05/2022,800,May-22,SINT,0,0,All Stony Coral,SCTLD Suscep. Spp.
850,Patch Reef,Curlew Patch,19/05/2022,800,May-22,SINT,0,0,All Stony Coral,SCTLD Suscep. Spp.
851,Patch Reef,Curlew Patch,19/05/2022,800,May-22,SPONGB,0,0,Sponge,x
852,Patch Reef,Curlew Patch,19/05/2022,800,May-22,SPONGR,0,0,Sponge,x
853,Patch Reef,Curlew Patch,19/05/2022,800,May-22,SPONGV,1,0.125,Sponge,x
854,Patch Reef,Curlew Patch,19/05/2022,800,May-22,SPTU,21,2.625,Sponge,x
855,Patch Reef,Curlew Patch,19/05/2022,800,May-22,SRAD,0,0,All Stony Coral,x
856,Patch Reef,Curlew Patch,19/05/2022,800,May-22,SSID,13,1.625,All Stony Coral,SCTLD Suscep. Spp.
857,Patch Reef,Curlew Patch,19/05/2022,800,May-22,Sand,71,8.875,Sand,x
858,Patch Reef,Curlew Patch,19/05/2022,800,May-22,SpgOth,16,2,Sponge,x
859,Patch Reef,Curlew Patch,19/05/2022,800,May-22,TAPE,26,3.25,Unidentified,x
860,Patch Reef,Curlew Patch,19/05/2022,800,May-22,THAL,10,1.25,Thalassia,x
861,Patch Reef,Curlew Patch,19/05/2022,800,May-22,Tk Tf,122,15.25,Turf Algae,x
862,Patch Reef,Curlew Patch,19/05/2022,800,May-22,Tn Tf,127,15.875,Turf Algae,x
863,Patch Reef,Curlew Patch,19/05/2022,800,May-22,Turbin,24,3,Macroalgae,x
864,Patch Reef,Curlew Patch,19/05/2022,800,May-22,Unk,1,0.125,Unidentified,x
865,Patch Reef,Curlew Patch,01/10/2019,800,Oct-19,AAGA,4,0.5,All Stony Coral,x
866,Patch Reef,Curlew Patch,01/10/2019,800,Oct-19,ACER,0,0,All Stony Coral,x
867,Patch Reef,Curlew Patch,01/10/2019,800,Oct-19,AGAR,0,0,All Stony Coral,x
868,Patch Reef,Curlew Patch,01/10/2019,800,Oct-19,ALAM,0,0,All Stony Coral,x
869,Patch Reef,Curlew Patch,01/10/2019,800,Oct-19,ANTI,1,0.125,Octocoral,x
870,Patch Reef,Curlew Patch,01/10/2019,800,Oct-19,ATEN,38,4.75,All Stony Coral,x
871,Patch Reef,Curlew Patch,01/10/2019,800,Oct-19,BRAN-CALC,0,0,Macroalgae,x
872,Patch Reef,Curlew Patch,01/10/2019,800,Oct-19,BRIA,0,0,Octocoral,x
873,Patch Reef,Curlew Patch,01/10/2019,800,Oct-19,CCA 1,2,0.25,Hard Substrate,x
874,Patch Reef,Curlew Patch,01/10/2019,800,Oct-19,CLIONI,0,0,Sponge,x
875,Patch Reef,Curlew Patch,01/10/2019,800,Oct-19,CNAT,0,0,All Stony Coral,SCTLD Suscep. Spp.
876,Patch Reef,Curlew Patch,01/10/2019,800,Oct-19,CYAN,0,0,Cyanobacteria,x
877,Patch Reef,Curlew Patch,01/10/2019,800,Oct-19,Cyan red,1,0.125,Cyanobacteria,x
878,Patch Reef,Curlew Patch,01/10/2019,800,Oct-19,DLAB,0,0,All Stony Coral,SCTLD Suscep. Spp.
879,Patch Reef,Curlew Patch,01/10/2019,800,Oct-19,Dicsp,50,6.25,Macroalgae,x
880,Patch Reef,Curlew Patch,01/10/2019,800,Oct-19,ENSP,0,0,Sponge,x
881,Patch Reef,Curlew Patch,01/10/2019,800,Oct-19,EUNI,0,0,Octocoral,x
882,Patch Reef,Curlew Patch,01/10/2019,800,Oct-19,GORGO,0,0,Octocoral,x
883,Patch Reef,Curlew Patch,01/10/2019,800,Oct-19,GVEN,0,0,Octocoral,x
884,Patch Reef,Curlew Patch,01/10/2019,800,Oct-19,Hal_spp,9,1.125,Macroalgae,x
885,Patch Reef,Curlew Patch,01/10/2019,800,Oct-19,LSUB_RUB,47,5.875,Rubble,x
886,Patch Reef,Curlew Patch,01/10/2019,800,Oct-19,Lob_spp,0,0,Macroalgae,x
887,Patch Reef,Curlew Patch,01/10/2019,800,Oct-19,MALC,3,0.375,All Stony Coral,x
888,Patch Reef,Curlew Patch,01/10/2019,800,Oct-19,MCAV,14,1.75,All Stony Coral,SCTLD Suscep. Spp.
889,Patch Reef,Curlew Patch,01/10/2019,800,Oct-19,MCOM,8,1,All Stony Coral,x
890,Patch Reef,Curlew Patch,01/10/2019,800,Oct-19,MURI,0,0,Octocoral,x
891,Patch Reef,Curlew Patch,01/10/2019,800,Oct-19,MURO,0,0,Octocoral,x
892,Patch Reef,Curlew Patch,01/10/2019,800,Oct-19,Macro,267,33.375,Macroalgae,x
893,Patch Reef,Curlew Patch,01/10/2019,800,Oct-19,OANN,6,0.75,All Stony Coral,SCTLD Suscep. Spp.
894,Patch Reef,Curlew Patch,01/10/2019,800,Oct-19,OFAV,11,1.375,All Stony Coral,SCTLD Suscep. Spp.
895,Patch Reef,Curlew Patch,01/10/2019,800,Oct-19,Other Inv,5,0.625,Other Encrusting Invert,x
896,Patch Reef,Curlew Patch,01/10/2019,800,Oct-19,PALY,0,0,Other Encrusting Invert,x
897,Patch Reef,Curlew Patch,01/10/2019,800,Oct-19,PAST,4,0.5,All Stony Coral,x
898,Patch Reef,Curlew Patch,01/10/2019,800,Oct-19,PPOR,7,0.875,All Stony Coral,x
899,Patch Reef,Curlew Patch,01/10/2019,800,Oct-19,PSEUGORG,0,0,Octocoral,x
900,Patch Reef,Curlew Patch,01/10/2019,800,Oct-19,PSTR,0,0,All Stony Coral,SCTLD Suscep. Spp.
901,Patch Reef,Curlew Patch,01/10/2019,800,Oct-19,PTER,0,0,Octocoral,x
902,Patch Reef,Curlew Patch,01/10/2019,800,Oct-19,SHAD,4,0.5,Unidentified,x
903,Patch Reef,Curlew Patch,01/10/2019,800,Oct-19,SINT,0,0,All Stony Coral,SCTLD Suscep. Spp.
904,Patch Reef,Curlew Patch,01/10/2019,800,Oct-19,SINT,3,0.375,All Stony Coral,SCTLD Suscep. Spp.
905,Patch Reef,Curlew Patch,01/10/2019,800,Oct-19,SPONGB,0,0,Sponge,x
906,Patch Reef,Curlew Patch,01/10/2019,800,Oct-19,SPONGR,0,0,Sponge,x
907,Patch Reef,Curlew Patch,01/10/2019,800,Oct-19,SPONGV,3,0.375,Sponge,x
908,Patch Reef,Curlew Patch,01/10/2019,800,Oct-19,SPTU,16,2,Sponge,x
909,Patch Reef,Curlew Patch,01/10/2019,800,Oct-19,SRAD,0,0,All Stony Coral,x
910,Patch Reef,Curlew Patch,01/10/2019,800,Oct-19,SSID,30,3.75,All Stony Coral,SCTLD Suscep. Spp.
911,Patch Reef,Curlew Patch,01/10/2019,800,Oct-19,Sand,27,3.375,Sand,x
912,Patch Reef,Curlew Patch,01/10/2019,800,Oct-19,SpgOth,13,1.625,Sponge,x
913,Patch Reef,Curlew Patch,01/10/2019,800,Oct-19,TAPE,29,3.625,Unidentified,x
914,Patch Reef,Curlew Patch,01/10/2019,800,Oct-19,THAL,0,0,Thalassia,x
915,Patch Reef,Curlew Patch,01/10/2019,800,Oct-19,Tk Tf,128,16,Turf Algae,x
916,Patch Reef,Curlew Patch,01/10/2019,800,Oct-19,Tn Tf,46,5.75,Turf Algae,x
917,Patch Reef,Curlew Patch,01/10/2019,800,Oct-19,Turbin,23,2.875,Macroalgae,x
918,Patch Reef,Curlew Patch,01/10/2019,800,Oct-19,Unk,1,0.125,Unidentified,x
919,Patch Reef,Curlew Patch,03/12/2022,840,Dec-22,AAGA,0,0,All Stony Coral,x
920,Patch Reef,Curlew Patch,03/12/2022,840,Dec-22,ACER,0,0,All Stony Coral,x
921,Patch Reef,Curlew Patch,03/12/2022,840,Dec-22,AGAR,1,0.119047619,All Stony Coral,x
922,Patch Reef,Curlew Patch,03/12/2022,840,Dec-22,ALAM,0,0,All Stony Coral,x
923,Patch Reef,Curlew Patch,03/12/2022,840,Dec-22,ANTI,0,0,Octocoral,x
924,Patch Reef,Curlew Patch,03/12/2022,840,Dec-22,ATEN,45,5.357142857,All Stony Coral,x
925,Patch Reef,Curlew Patch,03/12/2022,840,Dec-22,BRAN-CALC,0,0,Macroalgae,x
926,Patch Reef,Curlew Patch,03/12/2022,840,Dec-22,BRIA,0,0,Octocoral,x
927,Patch Reef,Curlew Patch,03/12/2022,840,Dec-22,CCA 1,0,0,Hard Substrate,x
928,Patch Reef,Curlew Patch,03/12/2022,840,Dec-22,CLIONI,0,0,Sponge,x
929,Patch Reef,Curlew Patch,03/12/2022,840,Dec-22,CNAT,0,0,All Stony Coral,SCTLD Suscep. Spp.
930,Patch Reef,Curlew Patch,03/12/2022,840,Dec-22,CYAN,0,0,Cyanobacteria,x
931,Patch Reef,Curlew Patch,03/12/2022,840,Dec-22,Cyan red,0,0,Cyanobacteria,x
932,Patch Reef,Curlew Patch,03/12/2022,840,Dec-22,DLAB,0,0,All Stony Coral,SCTLD Suscep. Spp.
933,Patch Reef,Curlew Patch,03/12/2022,840,Dec-22,Dicsp,35,4.166666667,Macroalgae,x
934,Patch Reef,Curlew Patch,03/12/2022,840,Dec-22,ENSP,0,0,Sponge,x
935,Patch Reef,Curlew Patch,03/12/2022,840,Dec-22,EUNI,0,0,Octocoral,x
936,Patch Reef,Curlew Patch,03/12/2022,840,Dec-22,GORGO,3,0.357142857,Octocoral,x
937,Patch Reef,Curlew Patch,03/12/2022,840,Dec-22,GVEN,2,0.238095238,Octocoral,x
938,Patch Reef,Curlew Patch,03/12/2022,840,Dec-22,Hal_spp,2,0.238095238,Macroalgae,x
939,Patch Reef,Curlew Patch,03/12/2022,840,Dec-22,LSUB_RUB,101,12.02380952,Rubble,x
940,Patch Reef,Curlew Patch,03/12/2022,840,Dec-22,Lob_spp,0,0,Macroalgae,x
941,Patch Reef,Curlew Patch,03/12/2022,840,Dec-22,MALC,9,1.071428571,All Stony Coral,x
942,Patch Reef,Curlew Patch,03/12/2022,840,Dec-22,MCAV,0,0,All Stony Coral,SCTLD Suscep. Spp.
943,Patch Reef,Curlew Patch,03/12/2022,840,Dec-22,MCOM,6,0.714285714,All Stony Coral,x
944,Patch Reef,Curlew Patch,03/12/2022,840,Dec-22,MURI,0,0,Octocoral,x
945,Patch Reef,Curlew Patch,03/12/2022,840,Dec-22,MURO,0,0,Octocoral,x
946,Patch Reef,Curlew Patch,03/12/2022,840,Dec-22,Macro,229,27.26190476,Macroalgae,x
947,Patch Reef,Curlew Patch,03/12/2022,840,Dec-22,OANN,8,0.952380952,All Stony Coral,SCTLD Suscep. Spp.
948,Patch Reef,Curlew Patch,03/12/2022,840,Dec-22,OFAV,7,0.833333333,All Stony Coral,SCTLD Suscep. Spp.
949,Patch Reef,Curlew Patch,03/12/2022,840,Dec-22,Other Inv,0,0,Other Encrusting Invert,x
950,Patch Reef,Curlew Patch,03/12/2022,840,Dec-22,PALY,0,0,Other Encrusting Invert,x
951,Patch Reef,Curlew Patch,03/12/2022,840,Dec-22,PAST,3,0.357142857,All Stony Coral,x
952,Patch Reef,Curlew Patch,03/12/2022,840,Dec-22,PPOR,2,0.238095238,All Stony Coral,x
953,Patch Reef,Curlew Patch,03/12/2022,840,Dec-22,PSEUGORG,0,0,Octocoral,x
954,Patch Reef,Curlew Patch,03/12/2022,840,Dec-22,PSTR,0,0,All Stony Coral,SCTLD Suscep. Spp.
955,Patch Reef,Curlew Patch,03/12/2022,840,Dec-22,PTER,0,0,Octocoral,x
956,Patch Reef,Curlew Patch,03/12/2022,840,Dec-22,SHAD,0,0,Unidentified,x
957,Patch Reef,Curlew Patch,03/12/2022,840,Dec-22,SINT,2,0.238095238,All Stony Coral,SCTLD Suscep. Spp.
958,Patch Reef,Curlew Patch,03/12/2022,840,Dec-22,SINT,3,0.357142857,All Stony Coral,SCTLD Suscep. Spp.
959,Patch Reef,Curlew Patch,03/12/2022,840,Dec-22,SPONGB,0,0,Sponge,x
960,Patch Reef,Curlew Patch,03/12/2022,840,Dec-22,SPONGR,0,0,Sponge,x
961,Patch Reef,Curlew Patch,03/12/2022,840,Dec-22,SPONGV,0,0,Sponge,x
962,Patch Reef,Curlew Patch,03/12/2022,840,Dec-22,SPTU,26,3.095238095,Sponge,x
963,Patch Reef,Curlew Patch,03/12/2022,840,Dec-22,SRAD,0,0,All Stony Coral,x
964,Patch Reef,Curlew Patch,03/12/2022,840,Dec-22,SSID,14,1.666666667,All Stony Coral,SCTLD Suscep. Spp.
965,Patch Reef,Curlew Patch,03/12/2022,840,Dec-22,Sand,92,10.95238095,Sand,x
966,Patch Reef,Curlew Patch,03/12/2022,840,Dec-22,SpgOth,13,1.547619048,Sponge,x
967,Patch Reef,Curlew Patch,03/12/2022,840,Dec-22,TAPE,21,2.5,Unidentified,x
968,Patch Reef,Curlew Patch,03/12/2022,840,Dec-22,THAL,1,0.119047619,Thalassia,x
969,Patch Reef,Curlew Patch,03/12/2022,840,Dec-22,Tk Tf,117,13.92857143,Turf Algae,x
970,Patch Reef,Curlew Patch,03/12/2022,840,Dec-22,Tn Tf,88,10.47619048,Turf Algae,x
971,Patch Reef,Curlew Patch,03/12/2022,840,Dec-22,Turbin,8,0.952380952,Macroalgae,x
972,Patch Reef,Curlew Patch,03/12/2022,840,Dec-22,Unk,2,0.238095238,Unidentified,x
973,Patch Reef,House Reef,11/12/2022,840,Dec-22,AAGA,0,0,All Stony Coral,x
974,Patch Reef,House Reef,11/12/2022,840,Dec-22,ACER,0,0,All Stony Coral,x
975,Patch Reef,House Reef,11/12/2022,840,Dec-22,AGAR,0,0,All Stony Coral,x
976,Patch Reef,House Reef,11/12/2022,840,Dec-22,ALAM,0,0,All Stony Coral,x
977,Patch Reef,House Reef,11/12/2022,840,Dec-22,ANTI,12,1.428571429,Octocoral,x
978,Patch Reef,House Reef,11/12/2022,840,Dec-22,ATEN,15,1.785714286,All Stony Coral,x
979,Patch Reef,House Reef,11/12/2022,840,Dec-22,BRAN-CALC,0,0,Macroalgae,x
980,Patch Reef,House Reef,11/12/2022,840,Dec-22,BRIA,0,0,Octocoral,x
981,Patch Reef,House Reef,11/12/2022,840,Dec-22,CCA 1,12,1.428571429,Hard Substrate,x
982,Patch Reef,House Reef,11/12/2022,840,Dec-22,CLIONI,1,0.119047619,Sponge,x
983,Patch Reef,House Reef,11/12/2022,840,Dec-22,CNAT,0,0,All Stony Coral,SCTLD Suscep. Spp.
984,Patch Reef,House Reef,11/12/2022,840,Dec-22,CYAN,0,0,Cyanobacteria,x
985,Patch Reef,House Reef,11/12/2022,840,Dec-22,Cyan red,0,0,Cyanobacteria,x
986,Patch Reef,House Reef,11/12/2022,840,Dec-22,DLAB,0,0,All Stony Coral,SCTLD Suscep. Spp.
987,Patch Reef,House Reef,11/12/2022,840,Dec-22,Dicsp,0,0,Macroalgae,x
988,Patch Reef,House Reef,11/12/2022,840,Dec-22,ENSP,0,0,Sponge,x
989,Patch Reef,House Reef,11/12/2022,840,Dec-22,EUNI,0,0,Octocoral,x
990,Patch Reef,House Reef,11/12/2022,840,Dec-22,GORGO,39,4.642857143,Octocoral,x
991,Patch Reef,House Reef,11/12/2022,840,Dec-22,GVEN,6,0.714285714,Octocoral,x
992,Patch Reef,House Reef,11/12/2022,840,Dec-22,Hal_spp,1,0.119047619,Macroalgae,x
993,Patch Reef,House Reef,11/12/2022,840,Dec-22,LSUB_RUB,83,9.880952381,Rubble,x
994,Patch Reef,House Reef,11/12/2022,840,Dec-22,Lob_spp,0,0,Macroalgae,x
995,Patch Reef,House Reef,11/12/2022,840,Dec-22,MALC,6,0.714285714,All Stony Coral,x
996,Patch Reef,House Reef,11/12/2022,840,Dec-22,MCAV,0,0,All Stony Coral,SCTLD Suscep. Spp.
997,Patch Reef,House Reef,11/12/2022,840,Dec-22,MCOM,0,0,All Stony Coral,x
998,Patch Reef,House Reef,11/12/2022,840,Dec-22,MURI,0,0,Octocoral,x
999,Patch Reef,House Reef,11/12/2022,840,Dec-22,MURO,0,0,Octocoral,x
1000,Patch Reef,House Reef,11/12/2022,840,Dec-22,Macro,20,2.380952381,Macroalgae,x
1001,Patch Reef,House Reef,11/12/2022,840,Dec-22,OANN,9,1.071428571,All Stony Coral,SCTLD Suscep. Spp.
1002,Patch Reef,House Reef,11/12/2022,840,Dec-22,OFAV,0,0,All Stony Coral,SCTLD Suscep. Spp.
1003,Patch Reef,House Reef,11/12/2022,840,Dec-22,Other Inv,0,0,Other Encrusting Invert,x
1004,Patch Reef,House Reef,11/12/2022,840,Dec-22,PALY,0,0,Other Encrusting Invert,x
1005,Patch Reef,House Reef,11/12/2022,840,Dec-22,PAST,2,0.238095238,All Stony Coral,x
1006,Patch Reef,House Reef,11/12/2022,840,Dec-22,PPOR,0,0,All Stony Coral,x
1007,Patch Reef,House Reef,11/12/2022,840,Dec-22,PSEUGORG,0,0,Octocoral,x
1008,Patch Reef,House Reef,11/12/2022,840,Dec-22,PSTR,4,0.476190476,All Stony Coral,SCTLD Suscep. Spp.
1009,Patch Reef,House Reef,11/12/2022,840,Dec-22,PTER,0,0,Octocoral,x
1010,Patch Reef,House Reef,11/12/2022,840,Dec-22,SHAD,0,0,Unidentified,x
1011,Patch Reef,House Reef,11/12/2022,840,Dec-22,SINT,0,0,All Stony Coral,SCTLD Suscep. Spp.
1012,Patch Reef,House Reef,11/12/2022,840,Dec-22,SINT,1,0.119047619,All Stony Coral,SCTLD Suscep. Spp.
1013,Patch Reef,House Reef,11/12/2022,840,Dec-22,SPONGB,0,0,Sponge,x
1014,Patch Reef,House Reef,11/12/2022,840,Dec-22,SPONGR,0,0,Sponge,x
1015,Patch Reef,House Reef,11/12/2022,840,Dec-22,SPONGV,0,0,Sponge,x
1016,Patch Reef,House Reef,11/12/2022,840,Dec-22,SPTU,3,0.357142857,Sponge,x
1017,Patch Reef,House Reef,11/12/2022,840,Dec-22,SRAD,4,0.476190476,All Stony Coral,x
1018,Patch Reef,House Reef,11/12/2022,840,Dec-22,SSID,21,2.5,All Stony Coral,SCTLD Suscep. Spp.
1019,Patch Reef,House Reef,11/12/2022,840,Dec-22,Sand,62,7.380952381,Sand,x
1020,Patch Reef,House Reef,11/12/2022,840,Dec-22,SpgOth,2,0.238095238,Sponge,x
1021,Patch Reef,House Reef,11/12/2022,840,Dec-22,TAPE,15,1.785714286,Unidentified,x
1022,Patch Reef,House Reef,11/12/2022,840,Dec-22,THAL,0,0,Thalassia,x
1023,Patch Reef,House Reef,11/12/2022,840,Dec-22,Tk Tf,61,7.261904762,Turf Algae,x
1024,Patch Reef,House Reef,11/12/2022,840,Dec-22,Tn Tf,458,54.52380952,Turf Algae,x
1025,Patch Reef,House Reef,11/12/2022,840,Dec-22,Turbin,0,0,Macroalgae,x
1026,Patch Reef,House Reef,11/12/2022,840,Dec-22,Unk,3,0.357142857,Unidentified,x
1027,Patch Reef,House Reef,21/05/2022,840,May-22,AAGA,1,0.119047619,All Stony Coral,x
1028,Patch Reef,House Reef,21/05/2022,840,May-22,ACER,0,0,All Stony Coral,x
1029,Patch Reef,House Reef,21/05/2022,840,May-22,AGAR,0,0,All Stony Coral,x
1030,Patch Reef,House Reef,21/05/2022,840,May-22,ALAM,0,0,All Stony Coral,x
1031,Patch Reef,House Reef,21/05/2022,840,May-22,ANTI,34,4.047619048,Octocoral,x
1032,Patch Reef,House Reef,21/05/2022,840,May-22,ATEN,7,0.833333333,All Stony Coral,x
1033,Patch Reef,House Reef,21/05/2022,840,May-22,BRAN-CALC,0,0,Macroalgae,x
1034,Patch Reef,House Reef,21/05/2022,840,May-22,BRIA,5,0.595238095,Octocoral,x
1035,Patch Reef,House Reef,21/05/2022,840,May-22,CCA 1,3,0.357142857,Hard Substrate,x
1036,Patch Reef,House Reef,21/05/2022,840,May-22,CLIONI,3,0.357142857,Sponge,x
1037,Patch Reef,House Reef,21/05/2022,840,May-22,CNAT,0,0,All Stony Coral,SCTLD Suscep. Spp.
1038,Patch Reef,House Reef,21/05/2022,840,May-22,CYAN,0,0,Cyanobacteria,x
1039,Patch Reef,House Reef,21/05/2022,840,May-22,Cyan red,0,0,Cyanobacteria,x
1040,Patch Reef,House Reef,21/05/2022,840,May-22,DLAB,0,0,All Stony Coral,SCTLD Suscep. Spp.
1041,Patch Reef,House Reef,21/05/2022,840,May-22,Dicsp,9,1.071428571,Macroalgae,x
1042,Patch Reef,House Reef,21/05/2022,840,May-22,ENSP,0,0,Sponge,x
1043,Patch Reef,House Reef,21/05/2022,840,May-22,EUNI,4,0.476190476,Octocoral,x
1044,Patch Reef,House Reef,21/05/2022,840,May-22,GORGO,27,3.214285714,Octocoral,x
1045,Patch Reef,House Reef,21/05/2022,840,May-22,GVEN,1,0.119047619,Octocoral,x
1046,Patch Reef,House Reef,21/05/2022,840,May-22,Hal_spp,2,0.238095238,Macroalgae,x
1047,Patch Reef,House Reef,21/05/2022,840,May-22,LSUB_RUB,94,11.19047619,Rubble,x
1048,Patch Reef,House Reef,21/05/2022,840,May-22,Lob_spp,0,0,Macroalgae,x
1049,Patch Reef,House Reef,21/05/2022,840,May-22,MALC,8,0.952380952,All Stony Coral,x
1050,Patch Reef,House Reef,21/05/2022,840,May-22,MCAV,0,0,All Stony Coral,SCTLD Suscep. Spp.
1051,Patch Reef,House Reef,21/05/2022,840,May-22,MCOM,0,0,All Stony Coral,x
1052,Patch Reef,House Reef,21/05/2022,840,May-22,MURI,0,0,Octocoral,x
1053,Patch Reef,House Reef,21/05/2022,840,May-22,MURO,0,0,Octocoral,x
1054,Patch Reef,House Reef,21/05/2022,840,May-22,Macro,63,7.5,Macroalgae,x
1055,Patch Reef,House Reef,21/05/2022,840,May-22,OANN,26,3.095238095,All Stony Coral,SCTLD Suscep. Spp.
1056,Patch Reef,House Reef,21/05/2022,840,May-22,OFAV,0,0,All Stony Coral,SCTLD Suscep. Spp.
1057,Patch Reef,House Reef,21/05/2022,840,May-22,Other Inv,1,0.119047619,Other Encrusting Invert,x
1058,Patch Reef,House Reef,21/05/2022,840,May-22,PALY,2,0.238095238,Other Encrusting Invert,x
1059,Patch Reef,House Reef,21/05/2022,840,May-22,PAST,0,0,All Stony Coral,x
1060,Patch Reef,House Reef,21/05/2022,840,May-22,PPOR,1,0.119047619,All Stony Coral,x
1061,Patch Reef,House Reef,21/05/2022,840,May-22,PSEUGORG,17,2.023809524,Octocoral,x
1062,Patch Reef,House Reef,21/05/2022,840,May-22,PSTR,3,0.357142857,All Stony Coral,SCTLD Suscep. Spp.
1063,Patch Reef,House Reef,21/05/2022,840,May-22,PTER,0,0,Octocoral,x
1064,Patch Reef,House Reef,21/05/2022,840,May-22,SHAD,0,0,Unidentified,x
1065,Patch Reef,House Reef,21/05/2022,840,May-22,SINT,0,0,All Stony Coral,SCTLD Suscep. Spp.
1066,Patch Reef,House Reef,21/05/2022,840,May-22,SINT,0,0,All Stony Coral,SCTLD Suscep. Spp.
1067,Patch Reef,House Reef,21/05/2022,840,May-22,SPONGB,0,0,Sponge,x
1068,Patch Reef,House Reef,21/05/2022,840,May-22,SPONGR,0,0,Sponge,x
1069,Patch Reef,House Reef,21/05/2022,840,May-22,SPONGV,0,0,Sponge,x
1070,Patch Reef,House Reef,21/05/2022,840,May-22,SPTU,2,0.238095238,Sponge,x
1071,Patch Reef,House Reef,21/05/2022,840,May-22,SRAD,1,0.119047619,All Stony Coral,x
1072,Patch Reef,House Reef,21/05/2022,840,May-22,SSID,15,1.785714286,All Stony Coral,SCTLD Suscep. Spp.
1073,Patch Reef,House Reef,21/05/2022,840,May-22,Sand,99,11.78571429,Sand,x
1074,Patch Reef,House Reef,21/05/2022,840,May-22,SpgOth,5,0.595238095,Sponge,x
1075,Patch Reef,House Reef,21/05/2022,840,May-22,TAPE,42,5,Unidentified,x
1076,Patch Reef,House Reef,21/05/2022,840,May-22,THAL,0,0,Thalassia,x
1077,Patch Reef,House Reef,21/05/2022,840,May-22,Tk Tf,73,8.69047619,Turf Algae,x
1078,Patch Reef,House Reef,21/05/2022,840,May-22,Tn Tf,288,34.28571429,Turf Algae,x
1079,Patch Reef,House Reef,21/05/2022,840,May-22,Turbin,2,0.238095238,Macroalgae,x
1080,Patch Reef,House Reef,21/05/2022,840,May-22,Unk,2,0.238095238,Unidentified,x
1081,Patch Reef,House Reef,01/10/2019,840,Oct-19,AAGA,0,0,All Stony Coral,x
1082,Patch Reef,House Reef,01/10/2019,840,Oct-19,ACER,0,0,All Stony Coral,x
1083,Patch Reef,House Reef,01/10/2019,840,Oct-19,AGAR,0,0,All Stony Coral,x
1084,Patch Reef,House Reef,01/10/2019,840,Oct-19,ALAM,0,0,All Stony Coral,x
1085,Patch Reef,House Reef,01/10/2019,840,Oct-19,ANTI,22,2.619047619,Octocoral,x
1086,Patch Reef,House Reef,01/10/2019,840,Oct-19,ATEN,14,1.666666667,All Stony Coral,x
1087,Patch Reef,House Reef,01/10/2019,840,Oct-19,BRAN-CALC,1,0.119047619,Macroalgae,x
1088,Patch Reef,House Reef,01/10/2019,840,Oct-19,BRIA,14,1.666666667,Octocoral,x
1089,Patch Reef,House Reef,01/10/2019,840,Oct-19,CCA 1,1,0.119047619,Hard Substrate,x
1090,Patch Reef,House Reef,01/10/2019,840,Oct-19,CLIONI,1,0.119047619,Sponge,x
1091,Patch Reef,House Reef,01/10/2019,840,Oct-19,CNAT,0,0,All Stony Coral,SCTLD Suscep. Spp.
1092,Patch Reef,House Reef,01/10/2019,840,Oct-19,CYAN,1,0.119047619,Cyanobacteria,x
1093,Patch Reef,House Reef,01/10/2019,840,Oct-19,Cyan red,0,0,Cyanobacteria,x
1094,Patch Reef,House Reef,01/10/2019,840,Oct-19,DLAB,0,0,All Stony Coral,SCTLD Suscep. Spp.
1095,Patch Reef,House Reef,01/10/2019,840,Oct-19,Dicsp,0,0,Macroalgae,x
1096,Patch Reef,House Reef,01/10/2019,840,Oct-19,ENSP,0,0,Sponge,x
1097,Patch Reef,House Reef,01/10/2019,840,Oct-19,EUNI,5,0.595238095,Octocoral,x
1098,Patch Reef,House Reef,01/10/2019,840,Oct-19,GORGO,16,1.904761905,Octocoral,x
1099,Patch Reef,House Reef,01/10/2019,840,Oct-19,GVEN,32,3.80952381,Octocoral,x
1100,Patch Reef,House Reef,01/10/2019,840,Oct-19,Hal_spp,7,0.833333333,Macroalgae,x
1101,Patch Reef,House Reef,01/10/2019,840,Oct-19,LSUB_RUB,50,5.952380952,Rubble,x
1102,Patch Reef,House Reef,01/10/2019,840,Oct-19,Lob_spp,0,0,Macroalgae,x
1103,Patch Reef,House Reef,01/10/2019,840,Oct-19,MALC,4,0.476190476,All Stony Coral,x
1104,Patch Reef,House Reef,01/10/2019,840,Oct-19,MCAV,0,0,All Stony Coral,SCTLD Suscep. Spp.
1105,Patch Reef,House Reef,01/10/2019,840,Oct-19,MCOM,0,0,All Stony Coral,x
1106,Patch Reef,House Reef,01/10/2019,840,Oct-19,MURI,0,0,Octocoral,x
1107,Patch Reef,House Reef,01/10/2019,840,Oct-19,MURO,0,0,Octocoral,x
1108,Patch Reef,House Reef,01/10/2019,840,Oct-19,Macro,19,2.261904762,Macroalgae,x
1109,Patch Reef,House Reef,01/10/2019,840,Oct-19,OANN,51,6.071428571,All Stony Coral,SCTLD Suscep. Spp.
1110,Patch Reef,House Reef,01/10/2019,840,Oct-19,OFAV,0,0,All Stony Coral,SCTLD Suscep. Spp.
1111,Patch Reef,House Reef,01/10/2019,840,Oct-19,Other Inv,0,0,Other Encrusting Invert,x
1112,Patch Reef,House Reef,01/10/2019,840,Oct-19,PALY,1,0.119047619,Other Encrusting Invert,x
1113,Patch Reef,House Reef,01/10/2019,840,Oct-19,PAST,5,0.595238095,All Stony Coral,x
1114,Patch Reef,House Reef,01/10/2019,840,Oct-19,PPOR,0,0,All Stony Coral,x
1115,Patch Reef,House Reef,01/10/2019,840,Oct-19,PSEUGORG,4,0.476190476,Octocoral,x
1116,Patch Reef,House Reef,01/10/2019,840,Oct-19,PSTR,10,1.19047619,All Stony Coral,SCTLD Suscep. Spp.
1117,Patch Reef,House Reef,01/10/2019,840,Oct-19,PTER,0,0,Octocoral,x
1118,Patch Reef,House Reef,01/10/2019,840,Oct-19,SHAD,3,0.357142857,Unidentified,x
1119,Patch Reef,House Reef,01/10/2019,840,Oct-19,SINT,0,0,All Stony Coral,SCTLD Suscep. Spp.
1120,Patch Reef,House Reef,01/10/2019,840,Oct-19,SINT,1,0.119047619,All Stony Coral,SCTLD Suscep. Spp.
1121,Patch Reef,House Reef,01/10/2019,840,Oct-19,SPONGB,0,0,Sponge,x
1122,Patch Reef,House Reef,01/10/2019,840,Oct-19,SPONGR,0,0,Sponge,x
1123,Patch Reef,House Reef,01/10/2019,840,Oct-19,SPONGV,0,0,Sponge,x
1124,Patch Reef,House Reef,01/10/2019,840,Oct-19,SPTU,0,0,Sponge,x
1125,Patch Reef,House Reef,01/10/2019,840,Oct-19,SRAD,5,0.595238095,All Stony Coral,x
1126,Patch Reef,House Reef,01/10/2019,840,Oct-19,SSID,5,0.595238095,All Stony Coral,SCTLD Suscep. Spp.
1127,Patch Reef,House Reef,01/10/2019,840,Oct-19,Sand,78,9.285714286,Sand,x
1128,Patch Reef,House Reef,01/10/2019,840,Oct-19,SpgOth,1,0.119047619,Sponge,x
1129,Patch Reef,House Reef,01/10/2019,840,Oct-19,TAPE,20,2.380952381,Unidentified,x
1130,Patch Reef,House Reef,01/10/2019,840,Oct-19,THAL,1,0.119047619,Thalassia,x
1131,Patch Reef,House Reef,01/10/2019,840,Oct-19,Tk Tf,78,9.285714286,Turf Algae,x
1132,Patch Reef,House Reef,01/10/2019,840,Oct-19,Tn Tf,386,45.95238095,Turf Algae,x
1133,Patch Reef,House Reef,01/10/2019,840,Oct-19,Turbin,0,0,Macroalgae,x
1134,Patch Reef,House Reef,01/10/2019,840,Oct-19,Unk,4,0.476190476,Unidentified,x
