"","survey","location_name","species","n_tl","n_healthy"
"1","Oct 2019/Jan 2020","CBC Central","Acropora cervicornis",0,0
"2","Oct 2019/Jan 2020","CBC Central","Agaricia agaricites",0,140
"3","Oct 2019/Jan 2020","CBC Central","Agaricia lamarckiana",0,0
"4","Oct 2019/Jan 2020","CBC Central","Agaricia tenuifolia",0,34
"5","Oct 2019/Jan 2020","CBC Central","Colpophyllia natans",0,0
"6","Oct 2019/Jan 2020","CBC Central","Dendrogyra cylindrus",0,0
"7","Oct 2019/Jan 2020","CBC Central","Dichocoenia stokesii",0,5
"8","Oct 2019/Jan 2020","CBC Central","Diploria labyrinthiformis",0,2
"9","Oct 2019/Jan 2020","CBC Central","Eusmilia fastigiata",0,2
"10","Oct 2019/Jan 2020","CBC Central","Favia fragum",0,0
"11","Oct 2019/Jan 2020","CBC Central","Helioseris cucullata",0,0
"12","Oct 2019/Jan 2020","CBC Central","Isophyllia rigida",0,0
"13","Oct 2019/Jan 2020","CBC Central","Isophyllia sinuosa",0,0
"14","Oct 2019/Jan 2020","CBC Central","Madracis decactis",0,1
"15","Oct 2019/Jan 2020","CBC Central","Meandrina meandrites",0,3
"16","Oct 2019/Jan 2020","CBC Central","Montastraea cavernosa",0,9
"17","Oct 2019/Jan 2020","CBC Central","Mycetophyllia aliciae",0,0
"18","Oct 2019/Jan 2020","CBC Central","Mycetophyllia spp.",0,0
"19","Oct 2019/Jan 2020","CBC Central","Orbicella spp.",0,9
"20","Oct 2019/Jan 2020","CBC Central","Porites astreoides",1,92
"21","Oct 2019/Jan 2020","CBC Central","Porites porites",1,39
"22","Oct 2019/Jan 2020","CBC Central","Pseudodiploria clivosa",0,0
"23","Oct 2019/Jan 2020","CBC Central","Pseudodiploria strigosa",0,8
"24","Oct 2019/Jan 2020","CBC Central","Scolymia cubensis",0,0
"25","Oct 2019/Jan 2020","CBC Central","Siderastrea radians",0,1
"26","Oct 2019/Jan 2020","CBC Central","Siderastrea siderea",0,117
"27","Oct 2019/Jan 2020","CBC Central","Stephanocoenia intersepta",0,9
"28","Oct 2019/Jan 2020","CBC Lagoon","Acropora cervicornis",0,0
"29","Oct 2019/Jan 2020","CBC Lagoon","Agaricia agaricites",0,121
"30","Oct 2019/Jan 2020","CBC Lagoon","Agaricia lamarckiana",0,0
"31","Oct 2019/Jan 2020","CBC Lagoon","Agaricia tenuifolia",0,107
"32","Oct 2019/Jan 2020","CBC Lagoon","Colpophyllia natans",0,0
"33","Oct 2019/Jan 2020","CBC Lagoon","Dendrogyra cylindrus",0,0
"34","Oct 2019/Jan 2020","CBC Lagoon","Dichocoenia stokesii",0,3
"35","Oct 2019/Jan 2020","CBC Lagoon","Diploria labyrinthiformis",0,2
"36","Oct 2019/Jan 2020","CBC Lagoon","Eusmilia fastigiata",0,2
"37","Oct 2019/Jan 2020","CBC Lagoon","Favia fragum",0,0
"38","Oct 2019/Jan 2020","CBC Lagoon","Helioseris cucullata",0,1
"39","Oct 2019/Jan 2020","CBC Lagoon","Isophyllia rigida",0,0
"40","Oct 2019/Jan 2020","CBC Lagoon","Isophyllia sinuosa",0,0
"41","Oct 2019/Jan 2020","CBC Lagoon","Madracis decactis",0,3
"42","Oct 2019/Jan 2020","CBC Lagoon","Meandrina meandrites",0,1
"43","Oct 2019/Jan 2020","CBC Lagoon","Montastraea cavernosa",0,12
"44","Oct 2019/Jan 2020","CBC Lagoon","Mycetophyllia aliciae",0,0
"45","Oct 2019/Jan 2020","CBC Lagoon","Mycetophyllia spp.",0,0
"46","Oct 2019/Jan 2020","CBC Lagoon","Orbicella spp.",0,17
"47","Oct 2019/Jan 2020","CBC Lagoon","Porites astreoides",0,71
"48","Oct 2019/Jan 2020","CBC Lagoon","Porites porites",0,26
"49","Oct 2019/Jan 2020","CBC Lagoon","Pseudodiploria clivosa",0,0
"50","Oct 2019/Jan 2020","CBC Lagoon","Pseudodiploria strigosa",0,5
"51","Oct 2019/Jan 2020","CBC Lagoon","Scolymia cubensis",0,0
"52","Oct 2019/Jan 2020","CBC Lagoon","Siderastrea radians",0,1
"53","Oct 2019/Jan 2020","CBC Lagoon","Siderastrea siderea",0,48
"54","Oct 2019/Jan 2020","CBC Lagoon","Stephanocoenia intersepta",0,5
"55","Oct 2019/Jan 2020","CBC30N","Acropora cervicornis",0,0
"56","Oct 2019/Jan 2020","CBC30N","Agaricia agaricites",0,83
"57","Oct 2019/Jan 2020","CBC30N","Agaricia lamarckiana",0,1
"58","Oct 2019/Jan 2020","CBC30N","Agaricia tenuifolia",0,25
"59","Oct 2019/Jan 2020","CBC30N","Colpophyllia natans",0,0
"60","Oct 2019/Jan 2020","CBC30N","Dendrogyra cylindrus",0,0
"61","Oct 2019/Jan 2020","CBC30N","Dichocoenia stokesii",0,4
"62","Oct 2019/Jan 2020","CBC30N","Diploria labyrinthiformis",0,0
"63","Oct 2019/Jan 2020","CBC30N","Eusmilia fastigiata",0,1
"64","Oct 2019/Jan 2020","CBC30N","Favia fragum",0,0
"65","Oct 2019/Jan 2020","CBC30N","Helioseris cucullata",0,0
"66","Oct 2019/Jan 2020","CBC30N","Isophyllia rigida",0,0
"67","Oct 2019/Jan 2020","CBC30N","Isophyllia sinuosa",0,0
"68","Oct 2019/Jan 2020","CBC30N","Madracis decactis",0,0
"69","Oct 2019/Jan 2020","CBC30N","Meandrina meandrites",0,1
"70","Oct 2019/Jan 2020","CBC30N","Montastraea cavernosa",0,5
"71","Oct 2019/Jan 2020","CBC30N","Mycetophyllia aliciae",0,0
"72","Oct 2019/Jan 2020","CBC30N","Mycetophyllia spp.",0,0
"73","Oct 2019/Jan 2020","CBC30N","Orbicella spp.",0,14
"74","Oct 2019/Jan 2020","CBC30N","Porites astreoides",0,113
"75","Oct 2019/Jan 2020","CBC30N","Porites porites",0,11
"76","Oct 2019/Jan 2020","CBC30N","Pseudodiploria clivosa",0,0
"77","Oct 2019/Jan 2020","CBC30N","Pseudodiploria strigosa",0,5
"78","Oct 2019/Jan 2020","CBC30N","Scolymia cubensis",0,0
"79","Oct 2019/Jan 2020","CBC30N","Siderastrea radians",0,1
"80","Oct 2019/Jan 2020","CBC30N","Siderastrea siderea",0,73
"81","Oct 2019/Jan 2020","CBC30N","Stephanocoenia intersepta",0,2
"82","Oct 2019/Jan 2020","Curlew Patch","Acropora cervicornis",0,2
"83","Oct 2019/Jan 2020","Curlew Patch","Agaricia agaricites",1,184
"84","Oct 2019/Jan 2020","Curlew Patch","Agaricia lamarckiana",0,0
"85","Oct 2019/Jan 2020","Curlew Patch","Agaricia tenuifolia",0,100
"86","Oct 2019/Jan 2020","Curlew Patch","Colpophyllia natans",0,0
"87","Oct 2019/Jan 2020","Curlew Patch","Dendrogyra cylindrus",0,0
"88","Oct 2019/Jan 2020","Curlew Patch","Dichocoenia stokesii",0,1
"89","Oct 2019/Jan 2020","Curlew Patch","Diploria labyrinthiformis",0,0
"90","Oct 2019/Jan 2020","Curlew Patch","Eusmilia fastigiata",0,0
"91","Oct 2019/Jan 2020","Curlew Patch","Favia fragum",0,0
"92","Oct 2019/Jan 2020","Curlew Patch","Helioseris cucullata",0,2
"93","Oct 2019/Jan 2020","Curlew Patch","Isophyllia rigida",0,0
"94","Oct 2019/Jan 2020","Curlew Patch","Isophyllia sinuosa",0,0
"95","Oct 2019/Jan 2020","Curlew Patch","Madracis decactis",0,0
"96","Oct 2019/Jan 2020","Curlew Patch","Meandrina meandrites",0,0
"97","Oct 2019/Jan 2020","Curlew Patch","Montastraea cavernosa",0,9
"98","Oct 2019/Jan 2020","Curlew Patch","Mycetophyllia aliciae",0,1
"99","Oct 2019/Jan 2020","Curlew Patch","Mycetophyllia spp.",0,0
"100","Oct 2019/Jan 2020","Curlew Patch","Orbicella spp.",0,8
"101","Oct 2019/Jan 2020","Curlew Patch","Porites astreoides",0,59
"102","Oct 2019/Jan 2020","Curlew Patch","Porites porites",0,65
"103","Oct 2019/Jan 2020","Curlew Patch","Pseudodiploria clivosa",0,0
"104","Oct 2019/Jan 2020","Curlew Patch","Pseudodiploria strigosa",0,1
"105","Oct 2019/Jan 2020","Curlew Patch","Scolymia cubensis",0,0
"106","Oct 2019/Jan 2020","Curlew Patch","Siderastrea radians",0,0
"107","Oct 2019/Jan 2020","Curlew Patch","Siderastrea siderea",0,39
"108","Oct 2019/Jan 2020","Curlew Patch","Stephanocoenia intersepta",0,5
"109","Oct 2019/Jan 2020","House Reef","Acropora cervicornis",0,2
"110","Oct 2019/Jan 2020","House Reef","Agaricia agaricites",2,179
"111","Oct 2019/Jan 2020","House Reef","Agaricia lamarckiana",0,0
"112","Oct 2019/Jan 2020","House Reef","Agaricia tenuifolia",1,28
"113","Oct 2019/Jan 2020","House Reef","Colpophyllia natans",0,0
"114","Oct 2019/Jan 2020","House Reef","Dendrogyra cylindrus",0,0
"115","Oct 2019/Jan 2020","House Reef","Dichocoenia stokesii",0,2
"116","Oct 2019/Jan 2020","House Reef","Diploria labyrinthiformis",0,0
"117","Oct 2019/Jan 2020","House Reef","Eusmilia fastigiata",0,3
"118","Oct 2019/Jan 2020","House Reef","Favia fragum",0,1
"119","Oct 2019/Jan 2020","House Reef","Helioseris cucullata",0,0
"120","Oct 2019/Jan 2020","House Reef","Isophyllia rigida",0,0
"121","Oct 2019/Jan 2020","House Reef","Isophyllia sinuosa",0,0
"122","Oct 2019/Jan 2020","House Reef","Madracis decactis",0,0
"123","Oct 2019/Jan 2020","House Reef","Meandrina meandrites",0,0
"124","Oct 2019/Jan 2020","House Reef","Montastraea cavernosa",0,1
"125","Oct 2019/Jan 2020","House Reef","Mycetophyllia aliciae",0,0
"126","Oct 2019/Jan 2020","House Reef","Mycetophyllia spp.",0,0
"127","Oct 2019/Jan 2020","House Reef","Orbicella spp.",0,77
"128","Oct 2019/Jan 2020","House Reef","Porites astreoides",0,52
"129","Oct 2019/Jan 2020","House Reef","Porites porites",0,12
"130","Oct 2019/Jan 2020","House Reef","Pseudodiploria clivosa",0,0
"131","Oct 2019/Jan 2020","House Reef","Pseudodiploria strigosa",0,10
"132","Oct 2019/Jan 2020","House Reef","Scolymia cubensis",0,0
"133","Oct 2019/Jan 2020","House Reef","Siderastrea radians",0,56
"134","Oct 2019/Jan 2020","House Reef","Siderastrea siderea",0,21
"135","Oct 2019/Jan 2020","House Reef","Stephanocoenia intersepta",0,3
"136","Oct 2019/Jan 2020","SR30N","Acropora cervicornis",0,0
"137","Oct 2019/Jan 2020","SR30N","Agaricia agaricites",0,129
"138","Oct 2019/Jan 2020","SR30N","Agaricia lamarckiana",0,0
"139","Oct 2019/Jan 2020","SR30N","Agaricia tenuifolia",0,24
"140","Oct 2019/Jan 2020","SR30N","Colpophyllia natans",0,1
"141","Oct 2019/Jan 2020","SR30N","Dendrogyra cylindrus",0,1
"142","Oct 2019/Jan 2020","SR30N","Dichocoenia stokesii",0,2
"143","Oct 2019/Jan 2020","SR30N","Diploria labyrinthiformis",0,0
"144","Oct 2019/Jan 2020","SR30N","Eusmilia fastigiata",0,1
"145","Oct 2019/Jan 2020","SR30N","Favia fragum",0,0
"146","Oct 2019/Jan 2020","SR30N","Helioseris cucullata",0,5
"147","Oct 2019/Jan 2020","SR30N","Isophyllia rigida",0,0
"148","Oct 2019/Jan 2020","SR30N","Isophyllia sinuosa",0,0
"149","Oct 2019/Jan 2020","SR30N","Madracis decactis",0,2
"150","Oct 2019/Jan 2020","SR30N","Meandrina meandrites",0,1
"151","Oct 2019/Jan 2020","SR30N","Montastraea cavernosa",0,6
"152","Oct 2019/Jan 2020","SR30N","Mycetophyllia aliciae",0,0
"153","Oct 2019/Jan 2020","SR30N","Mycetophyllia spp.",0,2
"154","Oct 2019/Jan 2020","SR30N","Orbicella spp.",0,10
"155","Oct 2019/Jan 2020","SR30N","Porites astreoides",0,61
"156","Oct 2019/Jan 2020","SR30N","Porites porites",0,30
"157","Oct 2019/Jan 2020","SR30N","Pseudodiploria clivosa",0,0
"158","Oct 2019/Jan 2020","SR30N","Pseudodiploria strigosa",0,8
"159","Oct 2019/Jan 2020","SR30N","Scolymia cubensis",0,0
"160","Oct 2019/Jan 2020","SR30N","Siderastrea radians",0,0
"161","Oct 2019/Jan 2020","SR30N","Siderastrea siderea",0,85
"162","Oct 2019/Jan 2020","SR30N","Stephanocoenia intersepta",0,5
"163","Oct 2019/Jan 2020","South Reef Central","Acropora cervicornis",0,0
"164","Oct 2019/Jan 2020","South Reef Central","Agaricia agaricites",0,125
"165","Oct 2019/Jan 2020","South Reef Central","Agaricia lamarckiana",0,0
"166","Oct 2019/Jan 2020","South Reef Central","Agaricia tenuifolia",1,16
"167","Oct 2019/Jan 2020","South Reef Central","Colpophyllia natans",0,0
"168","Oct 2019/Jan 2020","South Reef Central","Dendrogyra cylindrus",0,0
"169","Oct 2019/Jan 2020","South Reef Central","Dichocoenia stokesii",0,5
"170","Oct 2019/Jan 2020","South Reef Central","Diploria labyrinthiformis",0,0
"171","Oct 2019/Jan 2020","South Reef Central","Eusmilia fastigiata",0,0
"172","Oct 2019/Jan 2020","South Reef Central","Favia fragum",0,0
"173","Oct 2019/Jan 2020","South Reef Central","Helioseris cucullata",0,3
"174","Oct 2019/Jan 2020","South Reef Central","Isophyllia rigida",0,0
"175","Oct 2019/Jan 2020","South Reef Central","Isophyllia sinuosa",0,0
"176","Oct 2019/Jan 2020","South Reef Central","Madracis decactis",0,6
"177","Oct 2019/Jan 2020","South Reef Central","Meandrina meandrites",0,2
"178","Oct 2019/Jan 2020","South Reef Central","Montastraea cavernosa",0,8
"179","Oct 2019/Jan 2020","South Reef Central","Mycetophyllia aliciae",0,0
"180","Oct 2019/Jan 2020","South Reef Central","Mycetophyllia spp.",0,0
"181","Oct 2019/Jan 2020","South Reef Central","Orbicella spp.",0,12
"182","Oct 2019/Jan 2020","South Reef Central","Porites astreoides",2,75
"183","Oct 2019/Jan 2020","South Reef Central","Porites porites",1,24
"184","Oct 2019/Jan 2020","South Reef Central","Pseudodiploria clivosa",0,0
"185","Oct 2019/Jan 2020","South Reef Central","Pseudodiploria strigosa",0,6
"186","Oct 2019/Jan 2020","South Reef Central","Scolymia cubensis",0,0
"187","Oct 2019/Jan 2020","South Reef Central","Siderastrea radians",0,1
"188","Oct 2019/Jan 2020","South Reef Central","Siderastrea siderea",0,53
"189","Oct 2019/Jan 2020","South Reef Central","Stephanocoenia intersepta",0,4
"190","May 2022","CBC Central","Acropora cervicornis",0,0
"191","May 2022","CBC Central","Agaricia agaricites",1,64
"192","May 2022","CBC Central","Agaricia lamarckiana",0,0
"193","May 2022","CBC Central","Agaricia tenuifolia",1,28
"194","May 2022","CBC Central","Colpophyllia natans",0,0
"195","May 2022","CBC Central","Dendrogyra cylindrus",0,0
"196","May 2022","CBC Central","Dichocoenia stokesii",0,0
"197","May 2022","CBC Central","Diploria labyrinthiformis",1,1
"198","May 2022","CBC Central","Eusmilia fastigiata",0,0
"199","May 2022","CBC Central","Favia fragum",0,0
"200","May 2022","CBC Central","Helioseris cucullata",0,0
"201","May 2022","CBC Central","Isophyllia rigida",0,0
"202","May 2022","CBC Central","Isophyllia sinuosa",0,0
"203","May 2022","CBC Central","Madracis decactis",0,0
"204","May 2022","CBC Central","Meandrina meandrites",0,0
"205","May 2022","CBC Central","Montastraea cavernosa",1,0
"206","May 2022","CBC Central","Mycetophyllia aliciae",0,0
"207","May 2022","CBC Central","Mycetophyllia spp.",0,0
"208","May 2022","CBC Central","Orbicella spp.",1,2
"209","May 2022","CBC Central","Porites astreoides",0,71
"210","May 2022","CBC Central","Porites porites",0,27
"211","May 2022","CBC Central","Pseudodiploria clivosa",0,0
"212","May 2022","CBC Central","Pseudodiploria strigosa",1,4
"213","May 2022","CBC Central","Scolymia cubensis",0,0
"214","May 2022","CBC Central","Siderastrea radians",0,1
"215","May 2022","CBC Central","Siderastrea siderea",1,27
"216","May 2022","CBC Central","Stephanocoenia intersepta",0,7
"217","May 2022","CBC Lagoon","Acropora cervicornis",0,0
"218","May 2022","CBC Lagoon","Agaricia agaricites",0,61
"219","May 2022","CBC Lagoon","Agaricia lamarckiana",0,0
"220","May 2022","CBC Lagoon","Agaricia tenuifolia",19,75
"221","May 2022","CBC Lagoon","Colpophyllia natans",0,0
"222","May 2022","CBC Lagoon","Dendrogyra cylindrus",0,0
"223","May 2022","CBC Lagoon","Dichocoenia stokesii",0,1
"224","May 2022","CBC Lagoon","Diploria labyrinthiformis",1,0
"225","May 2022","CBC Lagoon","Eusmilia fastigiata",0,1
"226","May 2022","CBC Lagoon","Favia fragum",0,0
"227","May 2022","CBC Lagoon","Helioseris cucullata",0,0
"228","May 2022","CBC Lagoon","Isophyllia rigida",0,0
"229","May 2022","CBC Lagoon","Isophyllia sinuosa",0,0
"230","May 2022","CBC Lagoon","Madracis decactis",0,0
"231","May 2022","CBC Lagoon","Meandrina meandrites",0,0
"232","May 2022","CBC Lagoon","Montastraea cavernosa",2,3
"233","May 2022","CBC Lagoon","Mycetophyllia aliciae",0,0
"234","May 2022","CBC Lagoon","Mycetophyllia spp.",0,0
"235","May 2022","CBC Lagoon","Orbicella spp.",3,6
"236","May 2022","CBC Lagoon","Porites astreoides",0,68
"237","May 2022","CBC Lagoon","Porites porites",0,18
"238","May 2022","CBC Lagoon","Pseudodiploria clivosa",0,0
"239","May 2022","CBC Lagoon","Pseudodiploria strigosa",0,0
"240","May 2022","CBC Lagoon","Scolymia cubensis",0,0
"241","May 2022","CBC Lagoon","Siderastrea radians",0,7
"242","May 2022","CBC Lagoon","Siderastrea siderea",9,15
"243","May 2022","CBC Lagoon","Stephanocoenia intersepta",1,2
"244","May 2022","CBC30N","Acropora cervicornis",0,0
"245","May 2022","CBC30N","Agaricia agaricites",0,46
"246","May 2022","CBC30N","Agaricia lamarckiana",0,0
"247","May 2022","CBC30N","Agaricia tenuifolia",2,19
"248","May 2022","CBC30N","Colpophyllia natans",0,0
"249","May 2022","CBC30N","Dendrogyra cylindrus",0,0
"250","May 2022","CBC30N","Dichocoenia stokesii",0,0
"251","May 2022","CBC30N","Diploria labyrinthiformis",0,0
"252","May 2022","CBC30N","Eusmilia fastigiata",0,0
"253","May 2022","CBC30N","Favia fragum",0,0
"254","May 2022","CBC30N","Helioseris cucullata",0,0
"255","May 2022","CBC30N","Isophyllia rigida",0,0
"256","May 2022","CBC30N","Isophyllia sinuosa",0,0
"257","May 2022","CBC30N","Madracis decactis",0,3
"258","May 2022","CBC30N","Meandrina meandrites",0,0
"259","May 2022","CBC30N","Montastraea cavernosa",0,3
"260","May 2022","CBC30N","Mycetophyllia aliciae",0,0
"261","May 2022","CBC30N","Mycetophyllia spp.",0,0
"262","May 2022","CBC30N","Orbicella spp.",0,0
"263","May 2022","CBC30N","Porites astreoides",2,67
"264","May 2022","CBC30N","Porites porites",0,8
"265","May 2022","CBC30N","Pseudodiploria clivosa",0,0
"266","May 2022","CBC30N","Pseudodiploria strigosa",1,1
"267","May 2022","CBC30N","Scolymia cubensis",0,0
"268","May 2022","CBC30N","Siderastrea radians",0,3
"269","May 2022","CBC30N","Siderastrea siderea",4,22
"270","May 2022","CBC30N","Stephanocoenia intersepta",0,3
"271","May 2022","Curlew Patch","Acropora cervicornis",0,0
"272","May 2022","Curlew Patch","Agaricia agaricites",0,27
"273","May 2022","Curlew Patch","Agaricia lamarckiana",0,0
"274","May 2022","Curlew Patch","Agaricia tenuifolia",0,22
"275","May 2022","Curlew Patch","Colpophyllia natans",0,0
"276","May 2022","Curlew Patch","Dendrogyra cylindrus",0,0
"277","May 2022","Curlew Patch","Dichocoenia stokesii",0,1
"278","May 2022","Curlew Patch","Diploria labyrinthiformis",0,0
"279","May 2022","Curlew Patch","Eusmilia fastigiata",0,0
"280","May 2022","Curlew Patch","Favia fragum",0,0
"281","May 2022","Curlew Patch","Helioseris cucullata",0,0
"282","May 2022","Curlew Patch","Isophyllia rigida",0,0
"283","May 2022","Curlew Patch","Isophyllia sinuosa",0,0
"284","May 2022","Curlew Patch","Madracis decactis",0,0
"285","May 2022","Curlew Patch","Meandrina meandrites",0,0
"286","May 2022","Curlew Patch","Montastraea cavernosa",2,10
"287","May 2022","Curlew Patch","Mycetophyllia aliciae",0,0
"288","May 2022","Curlew Patch","Mycetophyllia spp.",0,0
"289","May 2022","Curlew Patch","Orbicella spp.",1,6
"290","May 2022","Curlew Patch","Porites astreoides",1,19
"291","May 2022","Curlew Patch","Porites porites",0,13
"292","May 2022","Curlew Patch","Pseudodiploria clivosa",0,0
"293","May 2022","Curlew Patch","Pseudodiploria strigosa",0,0
"294","May 2022","Curlew Patch","Scolymia cubensis",0,0
"295","May 2022","Curlew Patch","Siderastrea radians",0,4
"296","May 2022","Curlew Patch","Siderastrea siderea",6,19
"297","May 2022","Curlew Patch","Stephanocoenia intersepta",0,2
"298","May 2022","House Reef","Acropora cervicornis",0,0
"299","May 2022","House Reef","Agaricia agaricites",0,23
"300","May 2022","House Reef","Agaricia lamarckiana",0,0
"301","May 2022","House Reef","Agaricia tenuifolia",0,7
"302","May 2022","House Reef","Colpophyllia natans",0,0
"303","May 2022","House Reef","Dendrogyra cylindrus",0,0
"304","May 2022","House Reef","Dichocoenia stokesii",0,0
"305","May 2022","House Reef","Diploria labyrinthiformis",1,1
"306","May 2022","House Reef","Eusmilia fastigiata",0,0
"307","May 2022","House Reef","Favia fragum",0,0
"308","May 2022","House Reef","Helioseris cucullata",0,0
"309","May 2022","House Reef","Isophyllia rigida",0,0
"310","May 2022","House Reef","Isophyllia sinuosa",0,1
"311","May 2022","House Reef","Madracis decactis",0,0
"312","May 2022","House Reef","Meandrina meandrites",0,0
"313","May 2022","House Reef","Montastraea cavernosa",0,0
"314","May 2022","House Reef","Mycetophyllia aliciae",0,0
"315","May 2022","House Reef","Mycetophyllia spp.",0,0
"316","May 2022","House Reef","Orbicella spp.",2,14
"317","May 2022","House Reef","Porites astreoides",0,5
"318","May 2022","House Reef","Porites porites",0,1
"319","May 2022","House Reef","Pseudodiploria clivosa",0,0
"320","May 2022","House Reef","Pseudodiploria strigosa",3,4
"321","May 2022","House Reef","Scolymia cubensis",0,0
"322","May 2022","House Reef","Siderastrea radians",0,2
"323","May 2022","House Reef","Siderastrea siderea",1,7
"324","May 2022","House Reef","Stephanocoenia intersepta",0,7
"325","May 2022","SR30N","Acropora cervicornis",0,0
"326","May 2022","SR30N","Agaricia agaricites",0,26
"327","May 2022","SR30N","Agaricia lamarckiana",0,0
"328","May 2022","SR30N","Agaricia tenuifolia",0,14
"329","May 2022","SR30N","Colpophyllia natans",0,1
"330","May 2022","SR30N","Dendrogyra cylindrus",0,0
"331","May 2022","SR30N","Dichocoenia stokesii",0,2
"332","May 2022","SR30N","Diploria labyrinthiformis",0,0
"333","May 2022","SR30N","Eusmilia fastigiata",0,0
"334","May 2022","SR30N","Favia fragum",0,0
"335","May 2022","SR30N","Helioseris cucullata",0,0
"336","May 2022","SR30N","Isophyllia rigida",0,1
"337","May 2022","SR30N","Isophyllia sinuosa",0,0
"338","May 2022","SR30N","Madracis decactis",0,0
"339","May 2022","SR30N","Meandrina meandrites",0,0
"340","May 2022","SR30N","Montastraea cavernosa",1,2
"341","May 2022","SR30N","Mycetophyllia aliciae",0,0
"342","May 2022","SR30N","Mycetophyllia spp.",0,0
"343","May 2022","SR30N","Orbicella spp.",0,6
"344","May 2022","SR30N","Porites astreoides",0,21
"345","May 2022","SR30N","Porites porites",0,10
"346","May 2022","SR30N","Pseudodiploria clivosa",0,1
"347","May 2022","SR30N","Pseudodiploria strigosa",1,6
"348","May 2022","SR30N","Scolymia cubensis",0,0
"349","May 2022","SR30N","Siderastrea radians",0,0
"350","May 2022","SR30N","Siderastrea siderea",3,13
"351","May 2022","SR30N","Stephanocoenia intersepta",0,0
"352","May 2022","South Reef Central","Acropora cervicornis",0,0
"353","May 2022","South Reef Central","Agaricia agaricites",1,68
"354","May 2022","South Reef Central","Agaricia lamarckiana",0,0
"355","May 2022","South Reef Central","Agaricia tenuifolia",0,28
"356","May 2022","South Reef Central","Colpophyllia natans",0,0
"357","May 2022","South Reef Central","Dendrogyra cylindrus",0,0
"358","May 2022","South Reef Central","Dichocoenia stokesii",0,0
"359","May 2022","South Reef Central","Diploria labyrinthiformis",0,0
"360","May 2022","South Reef Central","Eusmilia fastigiata",4,1
"361","May 2022","South Reef Central","Favia fragum",0,0
"362","May 2022","South Reef Central","Helioseris cucullata",0,0
"363","May 2022","South Reef Central","Isophyllia rigida",0,0
"364","May 2022","South Reef Central","Isophyllia sinuosa",0,0
"365","May 2022","South Reef Central","Madracis decactis",0,5
"366","May 2022","South Reef Central","Meandrina meandrites",0,0
"367","May 2022","South Reef Central","Montastraea cavernosa",1,4
"368","May 2022","South Reef Central","Mycetophyllia aliciae",0,0
"369","May 2022","South Reef Central","Mycetophyllia spp.",0,0
"370","May 2022","South Reef Central","Orbicella spp.",1,4
"371","May 2022","South Reef Central","Porites astreoides",0,56
"372","May 2022","South Reef Central","Porites porites",0,26
"373","May 2022","South Reef Central","Pseudodiploria clivosa",0,0
"374","May 2022","South Reef Central","Pseudodiploria strigosa",1,1
"375","May 2022","South Reef Central","Scolymia cubensis",0,0
"376","May 2022","South Reef Central","Siderastrea radians",0,5
"377","May 2022","South Reef Central","Siderastrea siderea",6,26
"378","May 2022","South Reef Central","Stephanocoenia intersepta",0,1
"379","December22","CBC Central","Acropora cervicornis",0,0
"380","December22","CBC Central","Agaricia agaricites",1,138
"381","December22","CBC Central","Agaricia lamarckiana",0,0
"382","December22","CBC Central","Agaricia tenuifolia",3,67
"383","December22","CBC Central","Colpophyllia natans",0,0
"384","December22","CBC Central","Dendrogyra cylindrus",0,0
"385","December22","CBC Central","Dichocoenia stokesii",0,0
"386","December22","CBC Central","Diploria labyrinthiformis",0,0
"387","December22","CBC Central","Eusmilia fastigiata",0,0
"388","December22","CBC Central","Favia fragum",0,0
"389","December22","CBC Central","Helioseris cucullata",0,1
"390","December22","CBC Central","Isophyllia rigida",0,0
"391","December22","CBC Central","Isophyllia sinuosa",0,0
"392","December22","CBC Central","Madracis decactis",0,3
"393","December22","CBC Central","Meandrina meandrites",0,0
"394","December22","CBC Central","Montastraea cavernosa",0,1
"395","December22","CBC Central","Mycetophyllia aliciae",0,0
"396","December22","CBC Central","Mycetophyllia spp.",0,0
"397","December22","CBC Central","Orbicella spp.",0,2
"398","December22","CBC Central","Porites astreoides",1,119
"399","December22","CBC Central","Porites porites",0,54
"400","December22","CBC Central","Pseudodiploria clivosa",0,0
"401","December22","CBC Central","Pseudodiploria strigosa",0,2
"402","December22","CBC Central","Scolymia cubensis",0,0
"403","December22","CBC Central","Siderastrea radians",0,4
"404","December22","CBC Central","Siderastrea siderea",20,59
"405","December22","CBC Central","Stephanocoenia intersepta",0,10
"406","December22","CBC Lagoon","Acropora cervicornis",0,0
"407","December22","CBC Lagoon","Agaricia agaricites",1,24
"408","December22","CBC Lagoon","Agaricia lamarckiana",0,0
"409","December22","CBC Lagoon","Agaricia tenuifolia",2,115
"410","December22","CBC Lagoon","Colpophyllia natans",0,0
"411","December22","CBC Lagoon","Dendrogyra cylindrus",0,0
"412","December22","CBC Lagoon","Dichocoenia stokesii",0,0
"413","December22","CBC Lagoon","Diploria labyrinthiformis",0,0
"414","December22","CBC Lagoon","Eusmilia fastigiata",0,0
"415","December22","CBC Lagoon","Favia fragum",0,0
"416","December22","CBC Lagoon","Helioseris cucullata",0,2
"417","December22","CBC Lagoon","Isophyllia rigida",0,0
"418","December22","CBC Lagoon","Isophyllia sinuosa",0,0
"419","December22","CBC Lagoon","Madracis decactis",0,0
"420","December22","CBC Lagoon","Meandrina meandrites",0,0
"421","December22","CBC Lagoon","Montastraea cavernosa",2,0
"422","December22","CBC Lagoon","Mycetophyllia aliciae",0,0
"423","December22","CBC Lagoon","Mycetophyllia spp.",0,0
"424","December22","CBC Lagoon","Orbicella spp.",1,5
"425","December22","CBC Lagoon","Porites astreoides",0,49
"426","December22","CBC Lagoon","Porites porites",0,16
"427","December22","CBC Lagoon","Pseudodiploria clivosa",0,0
"428","December22","CBC Lagoon","Pseudodiploria strigosa",0,2
"429","December22","CBC Lagoon","Scolymia cubensis",0,0
"430","December22","CBC Lagoon","Siderastrea radians",0,0
"431","December22","CBC Lagoon","Siderastrea siderea",6,6
"432","December22","CBC Lagoon","Stephanocoenia intersepta",0,1
"433","December22","CBC30N","Acropora cervicornis",0,0
"434","December22","CBC30N","Agaricia agaricites",1,32
"435","December22","CBC30N","Agaricia lamarckiana",0,0
"436","December22","CBC30N","Agaricia tenuifolia",0,16
"437","December22","CBC30N","Colpophyllia natans",0,0
"438","December22","CBC30N","Dendrogyra cylindrus",0,0
"439","December22","CBC30N","Dichocoenia stokesii",0,0
"440","December22","CBC30N","Diploria labyrinthiformis",0,0
"441","December22","CBC30N","Eusmilia fastigiata",0,0
"442","December22","CBC30N","Favia fragum",0,0
"443","December22","CBC30N","Helioseris cucullata",0,0
"444","December22","CBC30N","Isophyllia rigida",0,0
"445","December22","CBC30N","Isophyllia sinuosa",0,0
"446","December22","CBC30N","Madracis decactis",0,0
"447","December22","CBC30N","Meandrina meandrites",0,0
"448","December22","CBC30N","Montastraea cavernosa",0,2
"449","December22","CBC30N","Mycetophyllia aliciae",0,0
"450","December22","CBC30N","Mycetophyllia spp.",0,0
"451","December22","CBC30N","Orbicella spp.",1,6
"452","December22","CBC30N","Porites astreoides",0,57
"453","December22","CBC30N","Porites porites",0,12
"454","December22","CBC30N","Pseudodiploria clivosa",0,0
"455","December22","CBC30N","Pseudodiploria strigosa",0,0
"456","December22","CBC30N","Scolymia cubensis",0,0
"457","December22","CBC30N","Siderastrea radians",0,5
"458","December22","CBC30N","Siderastrea siderea",16,18
"459","December22","CBC30N","Stephanocoenia intersepta",0,5
"460","December22","Curlew Patch","Acropora cervicornis",0,0
"461","December22","Curlew Patch","Agaricia agaricites",0,50
"462","December22","Curlew Patch","Agaricia lamarckiana",0,0
"463","December22","Curlew Patch","Agaricia tenuifolia",0,66
"464","December22","Curlew Patch","Colpophyllia natans",0,0
"465","December22","Curlew Patch","Dendrogyra cylindrus",0,0
"466","December22","Curlew Patch","Dichocoenia stokesii",0,0
"467","December22","Curlew Patch","Diploria labyrinthiformis",0,1
"468","December22","Curlew Patch","Eusmilia fastigiata",0,0
"469","December22","Curlew Patch","Favia fragum",0,0
"470","December22","Curlew Patch","Helioseris cucullata",0,0
"471","December22","Curlew Patch","Isophyllia rigida",0,0
"472","December22","Curlew Patch","Isophyllia sinuosa",0,0
"473","December22","Curlew Patch","Madracis decactis",0,0
"474","December22","Curlew Patch","Meandrina meandrites",0,0
"475","December22","Curlew Patch","Montastraea cavernosa",0,3
"476","December22","Curlew Patch","Mycetophyllia aliciae",0,0
"477","December22","Curlew Patch","Mycetophyllia spp.",0,0
"478","December22","Curlew Patch","Orbicella spp.",0,8
"479","December22","Curlew Patch","Porites astreoides",0,36
"480","December22","Curlew Patch","Porites porites",0,39
"481","December22","Curlew Patch","Pseudodiploria clivosa",0,0
"482","December22","Curlew Patch","Pseudodiploria strigosa",0,0
"483","December22","Curlew Patch","Scolymia cubensis",0,0
"484","December22","Curlew Patch","Siderastrea radians",0,0
"485","December22","Curlew Patch","Siderastrea siderea",8,20
"486","December22","Curlew Patch","Stephanocoenia intersepta",0,0
"487","December22","House Reef","Acropora cervicornis",0,0
"488","December22","House Reef","Agaricia agaricites",1,125
"489","December22","House Reef","Agaricia lamarckiana",0,0
"490","December22","House Reef","Agaricia tenuifolia",1,35
"491","December22","House Reef","Colpophyllia natans",0,0
"492","December22","House Reef","Dendrogyra cylindrus",0,0
"493","December22","House Reef","Dichocoenia stokesii",0,0
"494","December22","House Reef","Diploria labyrinthiformis",0,0
"495","December22","House Reef","Eusmilia fastigiata",0,0
"496","December22","House Reef","Favia fragum",0,0
"497","December22","House Reef","Helioseris cucullata",0,0
"498","December22","House Reef","Isophyllia rigida",0,0
"499","December22","House Reef","Isophyllia sinuosa",0,0
"500","December22","House Reef","Madracis decactis",0,0
"501","December22","House Reef","Meandrina meandrites",0,0
"502","December22","House Reef","Montastraea cavernosa",0,1
"503","December22","House Reef","Mycetophyllia aliciae",0,0
"504","December22","House Reef","Mycetophyllia spp.",0,0
"505","December22","House Reef","Orbicella spp.",2,21
"506","December22","House Reef","Porites astreoides",0,30
"507","December22","House Reef","Porites porites",0,11
"508","December22","House Reef","Pseudodiploria clivosa",0,0
"509","December22","House Reef","Pseudodiploria strigosa",4,1
"510","December22","House Reef","Scolymia cubensis",0,0
"511","December22","House Reef","Siderastrea radians",1,109
"512","December22","House Reef","Siderastrea siderea",8,21
"513","December22","House Reef","Stephanocoenia intersepta",0,4
"514","December22","SR30N","Acropora cervicornis",0,0
"515","December22","SR30N","Agaricia agaricites",0,63
"516","December22","SR30N","Agaricia lamarckiana",0,0
"517","December22","SR30N","Agaricia tenuifolia",0,31
"518","December22","SR30N","Colpophyllia natans",0,1
"519","December22","SR30N","Dendrogyra cylindrus",0,0
"520","December22","SR30N","Dichocoenia stokesii",0,1
"521","December22","SR30N","Diploria labyrinthiformis",0,0
"522","December22","SR30N","Eusmilia fastigiata",0,0
"523","December22","SR30N","Favia fragum",0,0
"524","December22","SR30N","Helioseris cucullata",0,0
"525","December22","SR30N","Isophyllia rigida",0,1
"526","December22","SR30N","Isophyllia sinuosa",0,0
"527","December22","SR30N","Madracis decactis",0,1
"528","December22","SR30N","Meandrina meandrites",0,0
"529","December22","SR30N","Montastraea cavernosa",0,2
"530","December22","SR30N","Mycetophyllia aliciae",0,0
"531","December22","SR30N","Mycetophyllia spp.",0,0
"532","December22","SR30N","Orbicella spp.",0,11
"533","December22","SR30N","Porites astreoides",0,39
"534","December22","SR30N","Porites porites",0,44
"535","December22","SR30N","Pseudodiploria clivosa",0,1
"536","December22","SR30N","Pseudodiploria strigosa",1,5
"537","December22","SR30N","Scolymia cubensis",0,0
"538","December22","SR30N","Siderastrea radians",0,0
"539","December22","SR30N","Siderastrea siderea",9,12
"540","December22","SR30N","Stephanocoenia intersepta",0,1
"541","December22","South Reef Central","Acropora cervicornis",0,0
"542","December22","South Reef Central","Agaricia agaricites",1,75
"543","December22","South Reef Central","Agaricia lamarckiana",0,0
"544","December22","South Reef Central","Agaricia tenuifolia",0,43
"545","December22","South Reef Central","Colpophyllia natans",0,0
"546","December22","South Reef Central","Dendrogyra cylindrus",0,0
"547","December22","South Reef Central","Dichocoenia stokesii",0,0
"548","December22","South Reef Central","Diploria labyrinthiformis",0,0
"549","December22","South Reef Central","Eusmilia fastigiata",0,0
"550","December22","South Reef Central","Favia fragum",0,0
"551","December22","South Reef Central","Helioseris cucullata",0,2
"552","December22","South Reef Central","Isophyllia rigida",0,0
"553","December22","South Reef Central","Isophyllia sinuosa",0,0
"554","December22","South Reef Central","Madracis decactis",0,2
"555","December22","South Reef Central","Meandrina meandrites",0,0
"556","December22","South Reef Central","Montastraea cavernosa",0,6
"557","December22","South Reef Central","Mycetophyllia aliciae",0,0
"558","December22","South Reef Central","Mycetophyllia spp.",0,0
"559","December22","South Reef Central","Orbicella spp.",0,5
"560","December22","South Reef Central","Porites astreoides",0,78
"561","December22","South Reef Central","Porites porites",0,47
"562","December22","South Reef Central","Pseudodiploria clivosa",0,0
"563","December22","South Reef Central","Pseudodiploria strigosa",0,1
"564","December22","South Reef Central","Scolymia cubensis",0,1
"565","December22","South Reef Central","Siderastrea radians",0,0
"566","December22","South Reef Central","Siderastrea siderea",8,24
"567","December22","South Reef Central","Stephanocoenia intersepta",0,3
